RX,RY,RZ,CZ
1.6993522815342723e-07,6.330982553692826e-07,1.3006410837235194e-08,1.3877787807814457e-16
1.699352281488917e-07,6.330982553624757e-07,1.3006410802110572e-08,1.3877787807814422e-16
0.009738611080379595,0.003877438933453847,0.00018890742166574536,1.3877787807814422e-16
0.00021079333389606902,0.00010802601594630446,1.2553955449107281e-05,1.3877787807814422e-16
7.465981475405936e-05,0.00010114629477041004,0.00016316811682650539,1.3877787807814422e-16
2.8049718780508748e-05,9.833145605085954e-05,8.755350805512535e-05,1.3877787807814422e-16
0.0014929614920768935,5.300259623425163e-06,1.4085792078296629e-06,1.3877787807814422e-16
0.003912379401169128,0.0004403804372758855,4.26267437470512e-05,1.3877787807814422e-16
0.00289021881704229,0.0011352510096757178,9.044218658923266e-05,1.3877787807814422e-16
0.0008270814542013265,0.0009164226731327882,5.470953535208092e-05,1.3877787807814422e-16
4.353301030181449e-05,0.00028376568887667744,5.201634009637909e-06,1.3877787807814422e-16
4.27108824726787e-05,8.352526192008369e-06,1.0787501242419934e-05,1.3877787807814422e-16
0.00014182695384111949,5.1387561845669694e-05,4.605031941716766e-05,1.3877787807814422e-16
0.00014180569220519448,0.00017392457995986436,4.841549905413099e-05,1.3877787807814422e-16
6.273422145768757e-05,0.0002702899694597632,1.811930212110427e-05,1.3877787807814422e-16
5.848629414246974e-07,0.0003248563551163166,2.5717536854039376e-08,1.3877787807814422e-16
7.833279742216546e-05,0.0003463092561715363,1.3571786545524134e-05,1.3877787807814422e-16
0.0003369222194979596,0.00034384451589784923,3.124522842983973e-05,1.3877787807814422e-16
0.0005964426485728896,0.0003226698491800383,2.5318750086238256e-05,1.3877787807814422e-16
0.0005975945018004133,0.000284623426624645,6.3414469705471e-06,1.3877787807814422e-16
0.0003568624455904489,0.00022994032130802176,6.143324404248519e-07,1.3877787807814422e-16
0.00011356758249041004,0.00016018757439321493,1.1925228284656026e-05,1.3877787807814422e-16
6.963108734140836e-06,8.329334987595151e-05,1.9886525230795074e-05,1.3877787807814422e-16
1.4306068096678036e-05,1.9748544876138696e-05,1.2557187884425949e-05,1.3877787807814422e-16
6.803363433842123e-05,1.521194417441968e-06,1.5997775075736833e-06,1.3877787807814422e-16
0.00012494024859187428,4.7521743148378536e-05,1.8078266721277544e-06,1.3877787807814422e-16
0.0001693494079063139,0.00012258446489425728,9.891511590888953e-06,1.3877787807814422e-16
0.00019945101907486214,0.0001505157958640878,1.1911037819620846e-05,1.3877787807814422e-16
0.0002178111498893294,0.00010504083089513324,5.128665427455238e-06,1.3877787807814422e-16
0.00022736760155239093,3.8285726951212744e-05,5.8467444851624e-08,1.3877787807814422e-16
0.000230271289085849,2.8654728060238785e-06,3.0604371462767746e-06,1.3877787807814422e-16
0.0002277671770832037,4.8995204528473145e-06,7.639498062607397e-06,1.3877787807814422e-16
0.00022035003527850957,2.5175660041537324e-05,6.074890182607436e-06,1.3877787807814422e-16
0.00020793479199849655,4.625233540513906e-05,1.2047335002595902e-06,1.3877787807814422e-16
0.0001900321679791081,5.970357789152586e-05,4.3371877886208653e-07,1.3877787807814422e-16
0.00016597714717332503,6.332763962979422e-05,3.766363207930896e-06,1.3877787807814422e-16
0.00013538476125778717,5.7758955661297884e-05,4.921350055572044e-06,1.3877787807814422e-16
9.893542186588438e-05,4.4953202381632965e-05,2.0787949605994976e-06,1.3877787807814422e-16
5.966046325881202e-05,2.805076013528952e-05,1.5892225082283156e-08,1.3877787807814422e-16
2.4213220442690666e-05,1.166711422335267e-05,1.5292684349416933e-06,1.3877787807814422e-16
2.6432320128152286e-06,1.4206299220241715e-06,3.2824034223287174e-06,1.3877787807814422e-16
4.127675460920329e-06,1.530158921795003e-06,2.1287683527361413e-06,1.3877787807814422e-16
2.821554920152357e-05,1.0988912533784299e-05,1.8946007339083556e-07,1.3877787807814422e-16
5.874154348289263e-05,2.2115408835196773e-05,5.450418522729088e-07,1.3877787807814422e-16
7.269206088585217e-05,2.5789021560294823e-05,2.000276852242232e-06,1.3877787807814422e-16
6.033147333856044e-05,1.9578905352520598e-05,1.7428644749443146e-06,1.3877787807814422e-16
3.3183747505069335e-05,9.169690480907032e-06,3.2452103156837666e-07,1.3877787807814422e-16
9.937517207036923e-06,1.7491346842195928e-06,1.876997508820321e-07,1.3877787807814422e-16
4.039692272507483e-07,2.1772897650562784e-07,1.1957785650675457e-06,1.3877787807814422e-16
3.1944313967564587e-06,3.0920832734333126e-06,1.2761208782658128e-06,1.3877787807814422e-16
1.2038175353107923e-05,7.31259336552231e-06,3.2692516475122744e-07,1.3877787807814422e-16
2.120498382322469e-05,1.0393578609582778e-05,7.660871502235534e-08,1.3877787807814422e-16
2.728937078749048e-05,1.1113939828835505e-05,7.425507454432562e-07,1.3877787807814422e-16
2.8953067709034518e-05,9.435298354046215e-06,8.864576511146587e-07,1.3877787807814422e-16
2.6243449632380905e-05,6.1782945567704035e-06,2.5597167888707615e-07,1.3877787807814422e-16
2.0135294546286693e-05,2.705143254470417e-06,4.6175552304460605e-08,1.3877787807814422e-16
1.2360737759835596e-05,4.502164422949454e-07,4.931551188288225e-07,1.3877787807814422e-16
5.157457382364658e-06,2.806063407950234e-07,5.974145870860205e-07,1.3877787807814422e-16
7.908037406964123e-07,1.9035244935065302e-06,1.674735309573584e-07,1.3877787807814422e-16
6.062306607662997e-07,3.967228371397374e-06,4.207942739294466e-08,1.3877787807814422e-16
4.083688384641081e-06,4.91693809598106e-06,3.5307634362033004e-07,1.3877787807814422e-16
8.704027708579036e-06,4.152493534711556e-06,3.9288545875408814e-07,1.3877787807814422e-16
1.1361505649648451e-05,2.3491240525671852e-06,9.298455400517871e-08,1.3877787807814422e-16
1.0457670196773246e-05,7.244470279294531e-07,4.835782822375585e-08,1.3877787807814422e-16
6.860900123058659e-06,9.240690349577743e-08,2.6532471832383055e-07,1.3877787807814422e-16
2.8946105397495386e-06,4.6683054895291094e-07,2.4688482406802916e-07,1.3877787807814422e-16
5.181665921839958e-07,1.323834327762712e-06,4.254830790198335e-08,1.3877787807814422e-16
3.091703586172419e-07,2.0406954175777557e-06,5.988432870860927e-08,1.3877787807814422e-16
1.6384843413108369e-06,2.2238176269673476e-06,2.021275118711421e-07,1.3877787807814422e-16
3.3997229100821327e-06,1.8225793465076196e-06,1.4396352360710414e-07,1.3877787807814422e-16
4.637806717048114e-06,1.086498210959504e-06,1.7701287762493642e-08,1.3877787807814422e-16
4.8526884417776966e-06,4.015393071686097e-07,7.094660477326524e-08,1.3877787807814422e-16
4.045261916730737e-06,9.212624818729905e-08,1.4808591670207806e-07,1.3877787807814422e-16
2.613700694828632e-06,2.443137808134461e-07,7.376178376009173e-08,1.3877787807814422e-16
1.1715314030542434e-06,6.622426330629157e-07,1.351982938990726e-08,1.3877787807814422e-16
2.859701485924536e-07,1.0082218351788318e-06,7.648367996074679e-08,1.3877787807814422e-16
2.4081284730422867e-07,1.0371122564608795e-06,9.98540994008384e-08,1.3877787807814422e-16
8.708366872120137e-07,7.547610560190138e-07,3.2346167552828223e-08,1.3877787807814422e-16
1.6822487998248537e-06,3.721222791184302e-07,2.1887281709541523e-08,1.3877787807814422e-16
2.134979544601031e-06,1.2362919695572003e-07,7.180588250203044e-08,1.3877787807814422e-16
1.9696194435265094e-06,1.1001640297951352e-07,5.856104989578285e-08,1.3877787807814422e-16
1.3390162915934647e-06,2.701018681780673e-07,1.4803234393973498e-08,1.3877787807814422e-16
6.370907986035111e-07,4.556297680301839e-07,3.3045771080724086e-08,1.3877787807814422e-16
2.174083149052609e-07,5.37682619170742e-07,5.7576338273155004e-08,1.3877787807814422e-16
2.0236457011974727e-07,4.7346838271945536e-07,2.9494124430753913e-08,1.3877787807814422e-16
4.817608640922791e-07,3.136256423541548e-07,1.4276091022570901e-08,1.3877787807814422e-16
8.234076984053219e-07,1.5706961018458238e-07,3.833732512477782e-08,1.3877787807814422e-16
1.0203182726127095e-06,8.851355020030073e-08,3.82657781253679e-08,1.3877787807814422e-16
9.800618994723914e-07,1.2738176817070128e-07,1.5135181244343678e-08,1.3877787807814422e-16
7.422766407932684e-07,2.2244023525506756e-07,2.0916049596123173e-08,1.3877787807814422e-16
4.39283287583954e-07,2.936882758957917e-07,3.480112733243889e-08,1.3877787807814422e-16
2.184246793725271e-07,2.901416546978334e-07,2.194022330302444e-08,1.3877787807814422e-16
1.6633193039108855e-07,2.2035452515318343e-07,1.348760014359597e-08,1.3877787807814422e-16
2.689767048414059e-07,1.3648840185045472e-07,2.5384461260553544e-08,1.3877787807814422e-16
4.297525705581189e-07,9.060312511441103e-08,2.5209012876588532e-08,1.3877787807814422e-16
5.333220417616566e-07,9.980358455058121e-08,1.3803927628255026e-08,1.3877787807814422e-16
5.174933352202495e-07,1.4249079179929495e-07,1.7522817557142143e-08,1.3877787807814422e-16
4.0192256314570636e-07,1.8033795390047858e-07,2.374100317158423e-08,1.3877787807814422e-16
2.6233743607259064e-07,1.8599938801041988e-07,1.6491755171613042e-08,1.3877787807814422e-16
1.7475547872458048e-07,1.582179035970549e-07,1.3664551662404125e-08,1.3877787807814422e-16
1.7093091566040342e-07,1.1796201018652014e-07,1.985449089066035e-08,1.3877787807814422e-16
2.295529083426845e-07,9.125426206226533e-08,1.809249430353501e-08,1.3877787807814422e-16
2.998092840080625e-07,9.13062595002323e-08,1.3046028415985175e-08,1.3877787807814422e-16
3.3488855967508464e-07,1.1420276782322555e-07,1.6309865784341543e-08,1.3877787807814422e-16
3.167779783184721e-07,1.349367811215692e-07,1.802368105893482e-08,1.3877787807814422e-16
2.60074755863232e-07,1.3990711221845733e-07,1.3789215702477007e-08,1.3877787807814422e-16
1.9907499185295585e-07,1.2666633291704034e-07,1.4064666774569659e-08,1.3877787807814422e-16
1.6521508152921874e-07,1.0612881266377597e-07,1.6803924022810463e-08,1.3877787807814422e-16
1.697096106016282e-07,9.243092663099284e-08,1.4544997954339698e-08,1.3877787807814422e-16
1.9985560688734278e-07,9.236707092284873e-08,1.3155988759938864e-08,1.3877787807814422e-16
2.300184261840926e-07,9.93334510174924e-08,1.542001957033915e-08,1.3877787807814422e-16
2.3913163456900497e-07,1.0905376114100983e-07,1.4879661825855111e-08,1.3877787807814422e-16
2.229219012946681e-07,1.1096393199323359e-07,1.3017241124622772e-08,1.3877787807814422e-16
1.9369144410803924e-07,1.0426612383357457e-07,1.4261354574756547e-08,1.3877787807814422e-16
1.697112082211034e-07,9.720266086286827e-08,1.473446961017955e-08,1.3877787807814422e-16
1.6283606771410528e-07,9.117736182627522e-08,1.3178437649409428e-08,1.3877787807814422e-16
1.7248268698059032e-07,9.200947248662991e-08,1.3556935554418849e-08,1.3877787807814422e-16
1.8836845050534722e-07,9.776829435548076e-08,1.4399680477658694e-08,1.3877787807814422e-16
1.985106941741621e-07,1.0250191245965411e-07,1.3371197883412044e-08,1.3877787807814422e-16
1.9666800209397384e-07,1.0277333435108621e-07,1.3179048563492935e-08,1.3877787807814422e-16
1.850047946669488e-07,9.873524092594485e-08,1.3980854139183317e-08,1.3877787807814422e-16
1.713201316367024e-07,9.370514420453969e-08,1.3459719293825748e-08,1.3877787807814422e-16
1.6337807750400486e-07,9.114238163642832e-08,1.3038992960588228e-08,1.3877787807814422e-16
1.6415485520423304e-07,9.169286353972396e-08,1.3651204963966285e-08,1.3877787807814422e-16
1.7076443636241244e-07,9.440477388237536e-08,1.3478541861899784e-08,1.3877787807814422e-16
1.7722953497619823e-07,9.624186567093662e-08,1.300640977515429e-08,1.3877787807814422e-16
1.7880066715953905e-07,9.573442459516363e-08,1.3388366593921457e-08,1.3877787807814422e-16
1.7479674330392428e-07,9.38522416514903e-08,1.3417908337302612e-08,1.3877787807814422e-16
1.6832912372156052e-07,9.168632589936097e-08,1.3017497169802286e-08,1.3877787807814422e-16
1.636016436319346e-07,9.1099930532754e-08,1.3231019892351073e-08,1.3877787807814422e-16
1.629838172086462e-07,9.214405328038794e-08,1.3352103185798565e-08,1.3877787807814422e-16
1.658089287159842e-07,9.362338405307886e-08,1.3038857166437503e-08,1.3877787807814422e-16
1.693491093288515e-07,9.421468354622053e-08,1.3124244375744529e-08,1.3877787807814422e-16
1.7092942542524046e-07,9.350518568273657e-08,1.326678857123577e-08,1.3877787807814422e-16
1.696236306538965e-07,9.215352818501755e-08,1.3048906585846478e-08,1.3877787807814422e-16
1.6653444533376407e-07,9.119196178418773e-08,1.3071539314372157e-08,1.3877787807814422e-16
1.637291902634783e-07,9.116342198190873e-08,1.3206814338663784e-08,1.3877787807814422e-16
1.6273618795046792e-07,9.179619657152138e-08,1.3056513126076471e-08,1.3877787807814422e-16
1.6364300508422175e-07,9.237083517620596e-08,1.3037524857204019e-08,1.3877787807814422e-16
1.652908546110236e-07,9.236652723414594e-08,1.3147352362977879e-08,1.3877787807814422e-16
1.6626422849734823e-07,9.18333292493304e-08,1.305120599645777e-08,1.3877787807814422e-16
1.658857183315856e-07,9.124877980965987e-08,1.3023887668902845e-08,1.3877787807814422e-16
1.645413654329409e-07,9.097510058617987e-08,1.3112313017329483e-08,1.3877787807814422e-16
1.632265273997889e-07,9.124337039378671e-08,1.3048413910512187e-08,1.3877787807814422e-16
1.6275635426409002e-07,9.165371931179824e-08,1.301436363477295e-08,1.3877787807814422e-16
1.6323885193390521e-07,9.182825220458607e-08,1.3078875321012647e-08,1.3877787807814422e-16
1.6412235821226465e-07,9.163870642111983e-08,1.3038415963817366e-08,1.3877787807814422e-16
1.6468212027357375e-07,9.12661686797109e-08,1.3011659978089248e-08,1.3877787807814422e-16
1.6453859091936663e-07,9.100168716013111e-08,1.306170905298403e-08,1.3877787807814422e-16
1.6385233306831863e-07,9.099429143934708e-08,1.3033632762309765e-08,1.3877787807814422e-16
1.6312040963262235e-07,9.11600613167964e-08,1.3008938155381796e-08,1.3877787807814422e-16
1.6278045401315414e-07,9.129664512982716e-08,1.3044026364726674e-08,1.3877787807814422e-16
1.629244932510568e-07,9.127236418255758e-08,1.3025068266163634e-08,1.3877787807814422e-16
1.6330034396461103e-07,9.112183529105562e-08,1.3008754413475214e-08,1.3877787807814422e-16
1.6355112656460669e-07,9.098626604085582e-08,1.3036212934440093e-08,1.3877787807814422e-16
1.6348527154103132e-07,9.149803455528997e-08,1.3021488504754869e-08,1.3877787807814422e-16
1.6318162412063472e-07,9.160117278127089e-08,1.3007772560009378e-08,1.3877787807814422e-16
1.62883594996365e-07,9.17111497021842e-08,1.3026640452954296e-08,1.3877787807814422e-16
1.6279429805175132e-07,9.173108149023361e-08,1.3015700745721119e-08,1.3877787807814422e-16
1.6293601340238006e-07,9.165124189987782e-08,1.3008168729209215e-08,1.3877787807814422e-16
1.6316303412957548e-07,9.154227299175785e-08,1.3023130260894294e-08,1.3877787807814422e-16
1.6329216919880126e-07,9.14831427203166e-08,1.3013652703474658e-08,1.3877787807814422e-16
1.632379010557036e-07,9.149562731454286e-08,1.3007632491500102e-08,1.3877787807814422e-16
1.630555967702427e-07,9.15390005272157e-08,1.3017577258513964e-08,1.3877787807814422e-16
1.628779926261243e-07,9.155811742569316e-08,1.3010232869689164e-08,1.3877787807814422e-16
1.6280842147770268e-07,9.153408069966752e-08,1.3008202438355061e-08,1.3877787807814422e-16
1.628542913833667e-07,9.14936825370083e-08,1.3015940581644675e-08,1.3877787807814422e-16
1.6294132544673303e-07,9.14769126770026e-08,1.3009272429649356e-08,1.3877787807814422e-16
1.6298394692467912e-07,9.149811097932544e-08,1.300774670569125e-08,1.3877787807814422e-16
1.6295059242165815e-07,9.153584571711296e-08,1.3012472966636838e-08,1.3877787807814422e-16
1.6287689937862647e-07,9.15560873544487e-08,1.3007527145215158e-08,1.3877787807814422e-16
1.6282625880570387e-07,9.154289817131739e-08,1.3008327116397972e-08,1.3877787807814422e-16
1.6283629077950246e-07,9.150900701079107e-08,1.3011655537197249e-08,1.3877787807814422e-16
1.6289360915044278e-07,9.148034522169275e-08,1.3007191066835161e-08,1.3877787807814422e-16
1.629509627013339e-07,9.147235460137116e-08,1.300781005779121e-08,1.3877787807814422e-16
1.629669338386223e-07,9.147992940170836e-08,1.300941374715955e-08,1.3877787807814422e-16
1.629350323808048e-07,9.148702725028219e-08,1.3006530248227614e-08,1.3877787807814422e-16
1.6288251315735508e-07,9.148366584252958e-08,1.300827884945305e-08,1.3877787807814422e-16
1.6284493707343922e-07,9.147381340615174e-08,1.3008990988118791e-08,1.3877787807814422e-16
1.6283944525996168e-07,9.146880920165594e-08,1.300647810937994e-08,1.3877787807814422e-16
1.6285666092871156e-07,9.14748968444953e-08,1.3007660843819972e-08,1.3877787807814422e-16
1.6287374883875227e-07,9.148732166680839e-08,1.3007609343350545e-08,1.3877787807814422e-16
1.628748638916656e-07,9.149546476230567e-08,1.3006441194465201e-08,1.3877787807814422e-16
1.6286208374432097e-07,9.149273371132028e-08,1.3007957481527834e-08,1.3877787807814422e-16
1.6285018602984896e-07,9.148161136058726e-08,1.3007418995617117e-08,1.3877787807814422e-16
1.6285222392794685e-07,9.147013473778333e-08,1.3006436198461696e-08,1.3877787807814422e-16
1.628687681762757e-07,9.146435079622659e-08,1.3007297814776668e-08,1.3877787807814422e-16
1.6288864244036245e-07,9.146408752075521e-08,1.3006699515601795e-08,1.3877787807814422e-16
1.628987925828347e-07,9.146504797445086e-08,1.3006663821932329e-08,1.3877787807814422e-16
1.628942244750202e-07,9.14640055168084e-08,1.3007432637482238e-08,1.3877787807814422e-16
1.6288042218689407e-07,9.146169018870704e-08,1.3006651179267916e-08,1.3877787807814422e-16
1.6286763106178694e-07,9.146113571557056e-08,1.3006570271766776e-08,1.3877787807814422e-16
1.6286275052324128e-07,9.14639107173189e-08,1.3006859831803042e-08,1.3877787807814422e-16
1.6286536136509286e-07,9.146825364509467e-08,1.300641613118097e-08,1.3877787807814422e-16
1.628700827542621e-07,9.14706866149887e-08,1.3006819724997144e-08,1.3877787807814422e-16
1.6287214917082623e-07,9.146915799079544e-08,1.300690501787914e-08,1.3877787807814422e-16
1.6291070791068445e-07,9.1464600415168e-08,1.300641887898289e-08,1.3877787807814422e-16
1.6290188828913102e-07,9.145972738362382e-08,1.300661112797318e-08,1.3877787807814422e-16
1.6289638211341394e-07,9.145659627776361e-08,1.3006532066217775e-08,1.3877787807814422e-16
1.6289485999959596e-07,9.145530486657175e-08,1.3006463731992102e-08,1.3877787807814422e-16
1.628945942136887e-07,9.145470332005141e-08,1.3006775038521377e-08,1.3877787807814422e-16
1.6289204297868947e-07,9.14539776228493e-08,1.3006554909056009e-08,1.3877787807814422e-16
1.6288571269810958e-07,9.145340641313388e-08,1.3006429065278922e-08,1.3877787807814422e-16
1.6287698176897473e-07,9.145372397838883e-08,1.3006529998427438e-08,1.3877787807814422e-16
1.636958505364828e-07,9.145501183673085e-08,1.3006411051910744e-08,1.3877787807814422e-16
1.6368954191894915e-07,9.145636056304524e-08,1.3006556102545725e-08,1.3877787807814422e-16
1.6368510367977317e-07,9.145658536920614e-08,1.3006608227515597e-08,1.3877787807814422e-16
1.636809705992708e-07,9.145522065553113e-08,1.3006421557395883e-08,1.3877787807814422e-16
1.6367585697017766e-07,9.145282228281393e-08,1.3006456460031452e-08,1.3877787807814422e-16
1.636697708415986e-07,9.145039451695341e-08,1.3006433547804285e-08,1.3877787807814422e-16
1.6366373239714626e-07,9.144860028585033e-08,1.3006441777332276e-08,1.3877787807814422e-16
1.6365866682699128e-07,9.144746595729053e-08,1.3006555172733964e-08,1.3877787807814422e-16
1.6365455539608237e-07,9.144670137454422e-08,1.3006466549182972e-08,1.3877787807814422e-16
1.636505071229095e-07,9.144616001595815e-08,1.3006412189889305e-08,1.3877787807814422e-16
1.6031923557271797e-07,9.144594137137493e-08,1.3006433839237824e-08,1.3877787807814422e-16
1.6031938796642764e-07,9.144611661995764e-08,1.3006409913932153e-08,1.3877787807814422e-16
1.603185715797037e-07,9.144646417511939e-08,1.3006485561751847e-08,1.3877787807814422e-16
1.6031775481822885e-07,9.144653037207571e-08,1.3006485228684944e-08,1.3877787807814422e-16
1.6031756323704227e-07,9.144595330595374e-08,1.3006413341745677e-08,1.3877787807814422e-16
1.603180218023254e-07,9.144473646007719e-08,1.3006419614505633e-08,1.3877787807814422e-16
1.6031881032588006e-07,9.144320796078985e-08,1.3006410399654726e-08,1.3877787807814422e-16
1.6031969216374435e-07,9.144174621364908e-08,1.3006441472020951e-08,1.3877787807814422e-16
1.6032070971253322e-07,9.144056404836071e-08,1.3006474209721668e-08,1.3877787807814422e-16
1.603220298109324e-07,9.143967054099358e-08,1.3006426830955133e-08,1.3877787807814422e-16
1.6032365912023835e-07,9.143900769628353e-08,1.3006410580065959e-08,1.3877787807814422e-16
1.6032531807245768e-07,9.143855342079778e-08,1.3006410746599423e-08,1.3877787807814422e-16
1.6032659882725166e-07,9.143829274040845e-08,1.3006421224328988e-08,1.3877787807814422e-16
1.603272388308168e-07,9.143813518583846e-08,1.3006455322052882e-08,1.3877787807814422e-16
1.603272922342719e-07,9.14378961409179e-08,1.3006435851517005e-08,1.3877787807814422e-16
1.6032705585567834e-07,9.143739330706585e-08,1.3006411024155166e-08,1.3877787807814422e-16
1.6032685562869584e-07,9.1436566343674e-08,1.3006409941687733e-08,1.3877787807814422e-16
1.6032686712119665e-07,9.14355079682222e-08,1.3006414729524433e-08,1.3877787807814422e-16
1.6032709349733777e-07,9.143439072320849e-08,1.3006437641751592e-08,1.3877787807814422e-16
1.603274709193247e-07,9.143335922902708e-08,1.3006438016451855e-08,1.3877787807814422e-16
1.6032796470657358e-07,9.143247968271031e-08,1.3006414840546723e-08,1.3877787807814422e-16
1.6032857824525078e-07,9.143175805170473e-08,1.3006410580065967e-08,1.3877787807814422e-16
1.6032929490975114e-07,9.143117934800273e-08,1.3006412134378164e-08,1.3877787807814422e-16
1.6033001618166542e-07,9.14307159270578e-08,1.3006427219533183e-08,1.3877787807814422e-16
1.6033058865595327e-07,9.143031226385407e-08,1.3006433964137916e-08,1.3877787807814422e-16
1.6033088671090527e-07,9.142987787523551e-08,1.3006418282238029e-08,1.3877787807814422e-16
1.6033088569957686e-07,9.142932286091261e-08,1.3006411107421889e-08,1.3877787807814422e-16
1.6033066947154628e-07,9.142860501854199e-08,1.3006411565388882e-08,1.3877787807814422e-16
1.6033037143396383e-07,9.14277510906146e-08,1.3006421557395882e-08,1.3877787807814422e-16
1.6033010030540421e-07,9.142683858455849e-08,1.3006428773845381e-08,1.3877787807814422e-16
1.603299065593809e-07,9.142594568781226e-08,1.3006418434893693e-08,1.3877787807814422e-16
1.6032979401229288e-07,9.142512645434729e-08,1.3006412550711795e-08,1.3877787807814422e-16
1.6032974954963563e-07,9.142440010489489e-08,1.3006411745800112e-08,1.3877787807814422e-16
1.6032976061200958e-07,9.142376325327544e-08,1.3006419531238893e-08,1.3877787807814422e-16
1.603297996658815e-07,9.14231964983461e-08,1.3006425262765134e-08,1.3877787807814422e-16
1.603298181528737e-07,9.142266411868956e-08,1.3006420558195178e-08,1.3877787807814422e-16
1.6032974908491314e-07,9.142211608489204e-08,1.3006414493602048e-08,1.3877787807814422e-16
1.603295360765574e-07,9.14215065031196e-08,1.3006412425811711e-08,1.3877787807814422e-16
1.603291591715515e-07,9.142081150358246e-08,1.3006416644659107e-08,1.3877787807814422e-16
1.6032864711078942e-07,9.142004257708642e-08,1.3006423569675071e-08,1.3877787807814422e-16
1.603280527270015e-07,9.141923534790486e-08,1.3006419767161284e-08,1.3877787807814422e-16
1.603274305182534e-07,9.141843172694736e-08,1.3006415354024866e-08,1.3877787807814422e-16
1.6032681741333599e-07,9.141766585356423e-08,1.3006412009478077e-08,1.3877787807814422e-16
1.6032622759534955e-07,9.141695189697329e-08,1.3006415645458396e-08,1.3877787807814422e-16
1.6032565909364998e-07,9.141629157802e-08,1.3006422001485085e-08,1.3877787807814422e-16
1.6032510376197584e-07,9.141567180995337e-08,1.3006420280639438e-08,1.3877787807814422e-16
1.6032454121385743e-07,9.14150698470845e-08,1.3006415381780436e-08,1.3877787807814422e-16
1.6032394405454284e-07,9.141445760077726e-08,1.3006413563790278e-08,1.3877787807814422e-16
1.603232779365112e-07,9.141381027143041e-08,1.300641546504717e-08,1.3877787807814422e-16
1.6032251898997034e-07,9.141311665967174e-08,1.3006418490404839e-08,1.3877787807814422e-16
1.6032165801394852e-07,9.141238382929363e-08,1.3006417921415546e-08,1.3877787807814422e-16
1.603207048616739e-07,9.141163027938309e-08,1.300641574260292e-08,1.3877787807814422e-16
1.6031968477683916e-07,9.14108783254178e-08,1.300641292541205e-08,1.3877787807814422e-16
1.6031862318354895e-07,9.141014804855221e-08,1.3006414951569026e-08,1.3877787807814422e-16
1.603175413286949e-07,9.14094477477013e-08,1.3006418670816087e-08,1.3877787807814422e-16
1.603164490238728e-07,9.140877767266536e-08,1.3006418296115808e-08,1.3877787807814422e-16
1.6031534732379518e-07,9.1408129593918e-08,1.3006415020957968e-08,1.3877787807814422e-16
1.6031423016386906e-07,9.140748923121892e-08,1.300641445196868e-08,1.3877787807814422e-16
1.6004530732419906e-07,9.140684020878225e-08,1.3006414812791144e-08,1.3877787807814422e-16
1.6004386409186822e-07,9.140617091090226e-08,1.3006418448771482e-08,1.3877787807814422e-16
1.6004236050504822e-07,9.140547566156498e-08,1.3006417865904411e-08,1.3877787807814422e-16
1.6004078535048782e-07,9.140475999800651e-08,1.3006416603025742e-08,1.3877787807814422e-16
1.6003913532527387e-07,9.140403417590963e-08,1.3006414313190797e-08,1.3877787807814422e-16
1.6003741604990995e-07,9.140331253102602e-08,1.3006416089547596e-08,1.3877787807814422e-16
1.600356399172591e-07,9.140260272389257e-08,1.3006416769559192e-08,1.3877787807814422e-16
1.6003381943120726e-07,9.140191088849028e-08,1.3006417629982017e-08,1.3877787807814422e-16
1.5583008653083614e-07,9.140123638644095e-08,1.3006416866703709e-08,1.3877787807814422e-16
1.5582768838186605e-07,9.1400572625797e-08,1.3006412564589568e-08,1.3877787807814422e-16
1.558252651696169e-07,9.139991054436494e-08,1.3006414632379913e-08,1.3877787807814422e-16
1.5582281578386575e-07,9.139924085790686e-08,1.3006415187491412e-08,1.3877787807814422e-16
1.5582033391021985e-07,9.139855900063165e-08,1.3006416158936549e-08,1.3877787807814422e-16
1.558178120685523e-07,9.139786301577176e-08,1.3006414451968676e-08,1.3877787807814422e-16
1.558152421681136e-07,9.139715652542878e-08,1.3006414313190803e-08,1.3877787807814422e-16
1.5581261677041067e-07,9.139644687095101e-08,1.3006416714048043e-08,1.3877787807814422e-16
1.5580993447378686e-07,9.139574092184171e-08,1.3006416922214853e-08,1.3877787807814422e-16
1.5580719706847675e-07,9.139504375737008e-08,1.3006415811991845e-08,1.3877787807814422e-16
1.558044095921166e-07,9.139435670980344e-08,1.300641463237992e-08,1.3877787807814422e-16
1.5580157726275418e-07,9.139367818319649e-08,1.3006415520558318e-08,1.3877787807814422e-16
1.557987056315039e-07,9.139300436115857e-08,1.3006415617702829e-08,1.3877787807814422e-16
1.5579579893109068e-07,9.13923297897203e-08,1.3006415798114076e-08,1.3877787807814422e-16
1.5579285749458133e-07,9.139164919532347e-08,1.3006416172814331e-08,1.3877787807814422e-16
1.5578987789416297e-07,9.139096098202284e-08,1.3006414507479836e-08,1.3877787807814422e-16
1.5578685699345553e-07,9.139026508042953e-08,1.3006415270758145e-08,1.3877787807814422e-16
1.5578379172546834e-07,9.138956520978994e-08,1.3006415700969553e-08,1.3877787807814422e-16
1.5578067534559738e-07,9.138886486730559e-08,1.3006414785035575e-08,1.3877787807814422e-16
1.5577750718770871e-07,9.138816786936723e-08,1.3006415867503006e-08,1.3877787807814422e-16
1.5577428555871257e-07,9.13874768111208e-08,1.3006416589147956e-08,1.3877787807814422e-16
1.5577101176312093e-07,9.138679199787749e-08,1.3006412869900898e-08,1.3877787807814422e-16
1.5576768945079147e-07,9.138611009896882e-08,1.3006415659336194e-08,1.3877787807814422e-16
1.55764322132804e-07,9.138542953232744e-08,1.3006416242203266e-08,1.3877787807814422e-16
1.5576091096101508e-07,9.138474717545195e-08,1.3006415354024867e-08,1.3877787807814422e-16
1.557574576146368e-07,9.138406083565226e-08,1.3006415256880358e-08,1.3877787807814422e-16
1.55753961843869e-07,9.138336974965012e-08,1.3006415617702832e-08,1.3877787807814422e-16
1.557504216086771e-07,9.138267520807967e-08,1.300641539565823e-08,1.3877787807814422e-16
1.5574683449432626e-07,9.138197920934182e-08,1.3006415298513721e-08,1.3877787807814422e-16
1.557431975864815e-07,9.138128470940476e-08,1.3006415395658227e-08,1.3877787807814422e-16
1.5573950962226403e-07,9.138059335972483e-08,1.3006414590746556e-08,1.3877787807814422e-16
1.5573576958859551e-07,9.137990456355716e-08,1.300641596464751e-08,1.3877787807814422e-16
1.557319763474976e-07,9.137921865396869e-08,1.3006414715646631e-08,1.3877787807814422e-16
1.5572813263289405e-07,9.137853472890349e-08,1.3006417019359371e-08,1.3877787807814422e-16
1.5572423868070748e-07,9.137785004056008e-08,1.3006414299313007e-08,1.3877787807814422e-16
1.5572029794650634e-07,9.137716302074885e-08,1.3006415825869645e-08,1.3877787807814422e-16
1.55716308487401e-07,9.13764740719256e-08,1.3006415118102481e-08,1.3877787807814422e-16
1.557122717050476e-07,9.137578213937853e-08,1.3006415881380796e-08,1.3877787807814422e-16
1.557081871276015e-07,9.137508912436436e-08,1.300641475728001e-08,1.3877787807814422e-16
1.5570405263176146e-07,9.137439651180595e-08,1.300641481279116e-08,1.3877787807814422e-16
1.556998674126158e-07,9.137370496783694e-08,1.3006415437291581e-08,1.3877787807814422e-16
1.556956305542305e-07,9.137301540839108e-08,1.3006412883778684e-08,1.3877787807814422e-16
1.5569133950309318e-07,9.137232747264605e-08,1.3006415465047178e-08,1.3877787807814422e-16
1.5568704710580616e-07,9.13716414797909e-08,1.300641395236832e-08,1.3877787807814422e-16
1.556827399147966e-07,9.137095426569061e-08,1.3006413896857179e-08,1.3877787807814422e-16
1.5567838125108085e-07,9.137026626055651e-08,1.3006415270758139e-08,1.3877787807814422e-16
1.556739701570919e-07,9.136957758928891e-08,1.3006415020957963e-08,1.3877787807814422e-16
1.5566950842306406e-07,9.136888776616519e-08,1.300641471564664e-08,1.3877787807814422e-16
1.556649937730406e-07,9.136819600015151e-08,1.3006414396457528e-08,1.3877787807814422e-16
1.5566042862175614e-07,9.136750415087113e-08,1.3006415076469116e-08,1.3877787807814422e-16
1.556558106932538e-07,9.136681361998039e-08,1.3006415589947258e-08,1.3877787807814422e-16
1.5565113889118853e-07,9.136612338052304e-08,1.3006415534436109e-08,1.3877787807814422e-16
1.556465832461728e-07,9.136543436231068e-08,1.3006415340147078e-08,1.3877787807814422e-16
1.556420478210841e-07,9.13647465237101e-08,1.3006415104224697e-08,1.3877787807814422e-16
1.5563745648239783e-07,9.136405861572058e-08,1.3006415145858057e-08,1.3877787807814422e-16
1.5563280999339208e-07,9.136337031915306e-08,1.3006415118102478e-08,1.3877787807814422e-16
1.556281074797667e-07,9.136268117604071e-08,1.3006415687091765e-08,1.3877787807814422e-16
1.556233500794999e-07,9.136199115862787e-08,1.3006414854424515e-08,1.3877787807814422e-16
1.5561853763993617e-07,9.136130036405915e-08,1.3006415076469114e-08,1.3877787807814422e-16
1.5561367000841985e-07,9.136060933356797e-08,1.3006415131980264e-08,1.3877787807814422e-16
1.5560874747638441e-07,9.135991891369943e-08,1.3006413438890185e-08,1.3877787807814422e-16
1.5560376830910675e-07,9.135922881301986e-08,1.3006415950769735e-08,1.3877787807814422e-16
1.5559873356129835e-07,9.135853929520722e-08,1.3006414493602041e-08,1.3877787807814422e-16
1.5559364066556906e-07,9.135785066557295e-08,1.3006415256880351e-08,1.3877787807814422e-16
1.5558849095418606e-07,9.135716135592707e-08,1.3006414382579742e-08,1.3877787807814422e-16
1.5558328217894832e-07,9.135647269853713e-08,1.3006415215246991e-08,1.3877787807814422e-16
1.5557802387389437e-07,9.135578272275751e-08,1.3006414299313009e-08,1.3877787807814422e-16
1.5557276760887625e-07,9.135509285800033e-08,1.3006414340946379e-08,1.3877787807814422e-16
1.555675226542549e-07,9.135440278507638e-08,1.3006413896857177e-08,1.3877787807814422e-16
1.5556228831614095e-07,9.135371175458515e-08,1.3006415270758137e-08,1.3877787807814422e-16
1.5555706545495727e-07,9.13530215428833e-08,1.3006415714847345e-08,1.3877787807814422e-16
1.5555185468132632e-07,9.135233141444808e-08,1.3006414576868768e-08,1.3877787807814422e-16
1.555466554678922e-07,9.135164171622434e-08,1.3006413910734968e-08,1.3877787807814422e-16
1.5554146771751042e-07,9.135095212902273e-08,1.3006414896057873e-08,1.3877787807814422e-16
1.5553628923749087e-07,9.135026243079882e-08,1.3006413619301421e-08,1.3877787807814422e-16
1.5553112145724554e-07,9.134957287135279e-08,1.3006414257679652e-08,1.3877787807814422e-16
1.5552596537597483e-07,9.134888345068466e-08,1.3006412689489655e-08,1.3877787807814422e-16
1.555208193977334e-07,9.134819321122716e-08,1.3006414549113191e-08,1.3877787807814422e-16
1.5551568305067675e-07,9.134750240278055e-08,1.300641441033532e-08,1.3877787807814422e-16
1.555105593185285e-07,9.134681187188948e-08,1.3006415395658227e-08,1.3877787807814422e-16
1.5550544513429828e-07,9.134612150753197e-08,1.3006413896857177e-08,1.3877787807814422e-16
1.5550034221883144e-07,9.134543074071864e-08,1.3006414216046294e-08,1.3877787807814422e-16
1.554952497533385e-07,9.134474115351701e-08,1.3006413896857172e-08,1.3877787807814422e-16
1.5549016843170895e-07,9.134405101120405e-08,1.3006414674013276e-08,1.3877787807814422e-16
1.554850968800418e-07,9.134336125746899e-08,1.3006414576868758e-08,1.3877787807814422e-16
1.5548003680530478e-07,9.134267139271171e-08,1.3006414035635052e-08,1.3877787807814422e-16
1.554749865421636e-07,9.134198115325416e-08,1.300641393849054e-08,1.3877787807814422e-16
1.554699460628628e-07,9.134129037256296e-08,1.30064137580793e-08,1.3877787807814422e-16
1.5546491651925834e-07,9.13405998555497e-08,1.3006413563790278e-08,1.3877787807814422e-16
1.5545989816115044e-07,9.13399092275142e-08,1.3006414465846472e-08,1.3877787807814422e-16
1.554548934865408e-07,9.133921886315661e-08,1.3006414063390631e-08,1.3877787807814422e-16
1.5544991466624717e-07,9.133852823512113e-08,1.3006415118102483e-08,1.3877787807814422e-16
1.5544494766982843e-07,9.133783755157445e-08,1.3006414313190813e-08,1.3877787807814422e-16
1.5543999321892927e-07,9.133714739538355e-08,1.3006414049512848e-08,1.3877787807814422e-16
1.5543504987026e-07,9.133645697551477e-08,1.3006415520558326e-08,1.3877787807814422e-16
1.554301171936093e-07,9.133576652789043e-08,1.3006414632379916e-08,1.3877787807814422e-16
1.554251965490002e-07,9.133507623292175e-08,1.3006414604624347e-08,1.3877787807814422e-16
1.5542028652089845e-07,9.133438539671936e-08,1.3006413508279124e-08,1.3877787807814422e-16
1.5541538713705972e-07,9.133369421357244e-08,1.3006413425012407e-08,1.3877787807814422e-16
1.5541049866116188e-07,9.133300362717025e-08,1.3006413952368327e-08,1.3877787807814422e-16
1.5540561877561465e-07,9.133231231912316e-08,1.3006413286234532e-08,1.3877787807814422e-16
1.55400744441183e-07,9.133162210742113e-08,1.3006413133578856e-08,1.3877787807814422e-16
1.553958803624364e-07,9.133093104917423e-08,1.3006414354824177e-08,1.3877787807814422e-16
1.5539102597038554e-07,9.133024053216092e-08,1.3006414451968678e-08,1.3877787807814422e-16
1.5538618365200958e-07,9.132954954330292e-08,1.3006413258478955e-08,1.3877787807814422e-16
1.553813521999411e-07,9.13288586654672e-08,1.3006413938490542e-08,1.3877787807814422e-16
1.55376530920291e-07,9.13281678570204e-08,1.3006413633179214e-08,1.3877787807814422e-16
1.5537171971591448e-07,9.132747679877347e-08,1.3006416034036462e-08,1.3877787807814422e-16
1.553669188643675e-07,9.13267861568601e-08,1.3006414160535144e-08,1.3877787807814422e-16
1.5536212833789444e-07,9.132609500146864e-08,1.3006413161334445e-08,1.3877787807814422e-16
1.5535734884426227e-07,9.132540366566601e-08,1.3006413702568161e-08,1.3877787807814422e-16
1.5535257950917063e-07,9.132471281558581e-08,1.300641342501241e-08,1.3877787807814422e-16
1.5534781972199683e-07,9.132402153529425e-08,1.3006414743402222e-08,1.3877787807814422e-16
1.5534307196686445e-07,9.132333068521409e-08,1.3006414937691248e-08,1.3877787807814422e-16
1.553383332878053e-07,9.132263905797793e-08,1.300641414665735e-08,1.3877787807814422e-16
1.5533360500320907e-07,9.132194786095311e-08,1.300641310582329e-08,1.3877787807814422e-16
1.5532888693266436e-07,9.132125685821727e-08,1.3006413230723377e-08,1.3877787807814422e-16
1.5532417917331574e-07,9.132056542527005e-08,1.3006412925412049e-08,1.3877787807814422e-16
1.5531948140597412e-07,9.131987390905617e-08,1.3006413771957089e-08,1.3877787807814422e-16
1.5531479397758413e-07,9.131918267039796e-08,1.3006414562990976e-08,1.3877787807814422e-16
1.5531011641630113e-07,9.131849119581743e-08,1.3006413827468233e-08,1.3877787807814422e-16
1.5530544969357002e-07,9.131780024859272e-08,1.3006414007879475e-08,1.3877787807814422e-16
1.5530079150567844e-07,9.131710823277855e-08,1.3006414118901779e-08,1.3877787807814422e-16
1.5529614386490532e-07,9.131641685534248e-08,1.3006412453567277e-08,1.3877787807814422e-16
1.5529150627165032e-07,9.131572549178417e-08,1.3006413577668063e-08,1.3877787807814422e-16
1.552868789063247e-07,9.131503393393692e-08,1.3006413161334438e-08,1.3877787807814422e-16
1.552822607558501e-07,9.131434245935632e-08,1.3006414007879478e-08,1.3877787807814422e-16
1.5527765411006106e-07,9.13136503602754e-08,1.3006413202967802e-08,1.3877787807814422e-16
1.5527305497215544e-07,9.131295841385012e-08,1.3006413327867899e-08,1.3877787807814422e-16
1.5526846735281322e-07,9.131226703641405e-08,1.3006412828267533e-08,1.3877787807814422e-16
1.5526388787973254e-07,9.131157518713323e-08,1.300641302255656e-08,1.3877787807814422e-16
1.5525931943949278e-07,9.131088342111917e-08,1.300641360542364e-08,1.3877787807814422e-16
1.5525476014471502e-07,9.131019165510508e-08,1.3006413369501249e-08,1.3877787807814422e-16
1.5525021045336627e-07,9.130949962541302e-08,1.3006413369501254e-08,1.3877787807814422e-16
1.552456713230137e-07,9.130880797042122e-08,1.3006413633179219e-08,1.3877787807814422e-16
1.552411405193339e-07,9.130811620440711e-08,1.3006413771957092e-08,1.3877787807814422e-16
1.552366185558049e-07,9.130742410532619e-08,1.3006414299313024e-08,1.3877787807814422e-16
1.552321077500167e-07,9.13067319368563e-08,1.300641288377869e-08,1.3877787807814422e-16
1.552276059509129e-07,9.130604000430875e-08,1.300641450747983e-08,1.3877787807814422e-16
1.5522311326951543e-07,9.130534809951686e-08,1.3006413286234525e-08,1.3877787807814422e-16
1.5521863069114732e-07,9.130465558410228e-08,1.3006413397256834e-08,1.3877787807814422e-16
1.5521415637006294e-07,9.13039632629767e-08,1.3006412786634184e-08,1.3877787807814422e-16
1.552096922630301e-07,9.130327119165133e-08,1.3006412717245238e-08,1.3877787807814422e-16
1.5520523713492587e-07,9.130257867623676e-08,1.3006413175212223e-08,1.3877787807814422e-16
1.5520079136045045e-07,9.130188682695597e-08,1.3006413452767977e-08,1.3877787807814422e-16
1.551963553559374e-07,9.130119431154137e-08,1.3006412592345148e-08,1.3877787807814422e-16
1.5519192669277435e-07,9.130050190714912e-08,1.3006413369501252e-08,1.3877787807814422e-16
1.5518750931225226e-07,9.12998095027569e-08,1.3006413313990094e-08,1.3877787807814422e-16
1.5518310025840282e-07,9.129911669590882e-08,1.300641306418993e-08,1.3877787807814422e-16
1.5517870048879335e-07,9.129842468009459e-08,1.3006414313190815e-08,1.3877787807814422e-16
1.5517430911524542e-07,9.129773201202436e-08,1.3006413966246115e-08,1.3877787807814422e-16
1.551699266512372e-07,9.129703951048755e-08,1.3006413799712668e-08,1.3877787807814422e-16
1.551655543596471e-07,9.129634718936201e-08,1.3006412953167626e-08,1.3877787807814422e-16
1.5516119007554067e-07,9.129565410495818e-08,1.3006412647856304e-08,1.3877787807814422e-16
1.5515683554751874e-07,9.129496147852138e-08,1.3006412203767096e-08,1.3877787807814422e-16
1.5515248912412493e-07,9.129426890759566e-08,1.3006412897656472e-08,1.3877787807814422e-16
1.5514815148537074e-07,9.129357555951393e-08,1.3006413730323725e-08,1.3877787807814422e-16
1.5514382321412315e-07,9.129288316899944e-08,1.3006412189889312e-08,1.3877787807814422e-16
1.551395038524152e-07,9.129219026500685e-08,1.3006414007879471e-08,1.3877787807814422e-16
1.5513519226226843e-07,9.129149741652539e-08,1.3006412259278246e-08,1.3877787807814422e-16
1.5513089056698407e-07,9.129080415171035e-08,1.300641391073497e-08,1.3877787807814422e-16
1.5512660143109635e-07,9.129011146976235e-08,1.3006412564589582e-08,1.3877787807814422e-16
1.5512232056637025e-07,9.12894182327029e-08,1.3006412411933908e-08,1.3877787807814422e-16
1.5511804890261706e-07,9.128872552299933e-08,1.3006413730323729e-08,1.3877787807814422e-16
1.5511378523246982e-07,9.128803223042872e-08,1.3006413383379043e-08,1.3877787807814422e-16
1.5510953048574e-07,9.128733899336927e-08,1.300641314745665e-08,1.3877787807814422e-16
1.551052838158826e-07,9.128664565916527e-08,1.3006415048713544e-08,1.3877787807814422e-16
1.5510104601393154e-07,9.128595257476148e-08,1.3006413674812576e-08,1.3877787807814422e-16
1.550968166357976e-07,9.128525865769048e-08,1.300641434094638e-08,1.3877787807814422e-16
1.5509259543168064e-07,9.128456603125361e-08,1.3006413785834881e-08,1.3877787807814422e-16
1.5508838260974747e-07,9.128387271092744e-08,1.3006412980923199e-08,1.3877787807814422e-16
1.5508417868347612e-07,9.128317898814545e-08,1.3006413022556565e-08,1.3877787807814422e-16
1.5507998305612184e-07,9.12824857649638e-08,1.300641300867878e-08,1.3877787807814422e-16
1.5507579569992903e-07,9.128179225034855e-08,1.3006413882979398e-08,1.3877787807814422e-16
1.5507161621244196e-07,9.128109861083328e-08,1.3006413216845586e-08,1.3877787807814422e-16
1.5506744500999414e-07,9.128040492968465e-08,1.3006413411134612e-08,1.3877787807814422e-16
1.5506328249504127e-07,9.127971140119172e-08,1.300641302255656e-08,1.3877787807814422e-16
1.5505912805696095e-07,9.127901760902081e-08,1.3006414327068596e-08,1.3877787807814422e-16
1.550549811267639e-07,9.127832405277226e-08,1.3006413952368333e-08,1.3877787807814422e-16
1.5505084242609496e-07,9.12776299691678e-08,1.3006412231522673e-08,1.3877787807814422e-16
1.5504671230189878e-07,9.127693659333047e-08,1.3006413091945504e-08,1.3877787807814422e-16
1.5504258928313007e-07,9.12762426346261e-08,1.3006412467445063e-08,1.3877787807814422e-16
1.550384742857227e-07,9.127554884245524e-08,1.300641346664577e-08,1.3877787807814422e-16
1.550343684615328e-07,9.12748549670176e-08,1.3006412606222941e-08,1.3877787807814422e-16
1.5503026960399252e-07,9.127416055034626e-08,1.3006411898455774e-08,1.3877787807814422e-16
1.550261793368027e-07,9.127346667490862e-08,1.3006412647856296e-08,1.3877787807814422e-16
1.5502209650810727e-07,9.127277278559317e-08,1.3006412842145322e-08,1.3877787807814422e-16
1.5501802161750636e-07,9.127207832728854e-08,1.3006412786634171e-08,1.3877787807814422e-16
1.5501395437356663e-07,9.127138441021755e-08,1.3006412259278249e-08,1.3877787807814422e-16
1.550098947207768e-07,9.127069028497975e-08,1.3006411940089131e-08,1.3877787807814422e-16
1.5500584289505933e-07,9.126999607647526e-08,1.3006414507479836e-08,1.3877787807814422e-16
1.5500179956254779e-07,9.126930165980394e-08,1.300641281438975e-08,1.3877787807814422e-16
1.5499776329383042e-07,9.126860700721025e-08,1.3006412051111437e-08,1.3877787807814422e-16
1.5499373406115144e-07,9.12679127570724e-08,1.3006412980923205e-08,1.3877787807814422e-16
1.5498971321065625e-07,9.126721840979e-08,1.3006411967844713e-08,1.3877787807814422e-16
1.5498569986804424e-07,9.126652389597419e-08,1.3006411107421884e-08,1.3877787807814422e-16
1.5498169417209328e-07,9.126582931276945e-08,1.3006412495200643e-08,1.3877787807814422e-16
1.5497769583136996e-07,9.126513484058705e-08,1.3006412689489671e-08,1.3877787807814422e-16
1.5497370527608553e-07,9.126443979941533e-08,1.300641264785631e-08,1.3877787807814422e-16
1.5496972103519484e-07,9.126374496641046e-08,1.3006414132779572e-08,1.3877787807814422e-16
1.5496574550955452e-07,9.126304974482752e-08,1.3006413008678786e-08,1.3877787807814422e-16
1.5496177674239708e-07,9.12623541207888e-08,1.3006413202967805e-08,1.3877787807814422e-16
1.549578150667893e-07,9.12616592461506e-08,1.3006411815189044e-08,1.3877787807814422e-16
1.5495386064926454e-07,9.126096348333402e-08,1.3006412120500373e-08,1.3877787807814422e-16
1.549499143918789e-07,9.12602680674621e-08,1.3006413050312138e-08,1.3877787807814422e-16
1.5494597496236488e-07,9.125957315119052e-08,1.3006413091945513e-08,1.3877787807814422e-16
1.5494204240235598e-07,9.125887743000735e-08,1.300641317521223e-08,1.3877787807814422e-16
1.5493811750288593e-07,9.125818129249063e-08,1.3006413008678786e-08,1.3877787807814422e-16
1.549341994035319e-07,9.125748441945127e-08,1.3006412467445061e-08,1.3877787807814422e-16
1.5493031221000521e-07,9.125678815703454e-08,1.3006412481322847e-08,1.3877787807814422e-16
1.5492644473681182e-07,9.12560915893065e-08,1.3006412439689492e-08,1.3877787807814422e-16
1.5492256925613568e-07,9.125539510484515e-08,1.3006412703367464e-08,1.3877787807814422e-16
1.549186555976669e-07,9.125469855099482e-08,1.3006413078067715e-08,1.3877787807814422e-16
1.5491474908625892e-07,9.125400171958888e-08,1.3006412481322852e-08,1.3877787807814422e-16
1.549108495415003e-07,9.12533051796164e-08,1.3006413341745678e-08,1.3877787807814422e-16
1.5490695657481336e-07,9.125260816779914e-08,1.3006413133578866e-08,1.3877787807814422e-16
1.5490306899270838e-07,9.125191150292663e-08,1.3006412162133733e-08,1.3877787807814422e-16
1.5489918852990853e-07,9.125121474090955e-08,1.3006413438890188e-08,1.3877787807814422e-16
1.5489531458966915e-07,9.125051775684789e-08,1.3006412398056124e-08,1.3877787807814422e-16
1.5489144751893462e-07,9.124982074503071e-08,1.3006412439689484e-08,1.3877787807814422e-16
1.5488758624911568e-07,9.12491236777023e-08,1.3006411260077552e-08,1.3877787807814422e-16
1.54883731571246e-07,9.124842656874056e-08,1.3006413355623466e-08,1.3877787807814422e-16
1.5487988356859243e-07,9.124772959855675e-08,1.3006412370300548e-08,1.3877787807814422e-16
1.5487604265748832e-07,9.12470321148948e-08,1.3006413730323727e-08,1.3877787807814422e-16
1.5487220614564347e-07,9.124633499205526e-08,1.3006412897656487e-08,1.3877787807814422e-16
1.5486837701678168e-07,9.124563820228267e-08,1.3006413327867889e-08,1.3877787807814422e-16
1.5486455429945786e-07,9.124494066310955e-08,1.3006413508279129e-08,1.3877787807814422e-16
1.5486073578710446e-07,9.12442432904699e-08,1.3006412897656487e-08,1.3877787807814422e-16
1.5485692417201165e-07,9.124354609824144e-08,1.3006413647057002e-08,1.3877787807814422e-16
1.5485311813578978e-07,9.124284826763485e-08,1.3006411704166748e-08,1.3877787807814422e-16
1.548493176368055e-07,9.124215081172846e-08,1.3006413161334442e-08,1.3877787807814422e-16
1.5484552393793718e-07,9.124145325867761e-08,1.3006412453567277e-08,1.3877787807814422e-16
1.5484173541548414e-07,9.124075466479271e-08,1.3006412370300553e-08,1.3877787807814422e-16
1.5483795370702487e-07,9.124005423904019e-08,1.3006412217644887e-08,1.3877787807814422e-16
1.548341776468254e-07,9.123935363287641e-08,1.3006412148255952e-08,1.3877787807814422e-16
1.548304076234638e-07,9.123865267976798e-08,1.3006411787433465e-08,1.3877787807814422e-16
1.5482664333162871e-07,9.123795135195939e-08,1.3006412203767103e-08,1.3877787807814422e-16
1.54822884979487e-07,9.123725039885093e-08,1.3006412411933922e-08,1.3877787807814422e-16
1.5481913234499396e-07,9.123654997309836e-08,1.3006411634777806e-08,1.3877787807814422e-16
1.5481538583060556e-07,9.123584861753418e-08,1.3006411426610992e-08,1.3877787807814422e-16
1.548116448812102e-07,9.123514773381473e-08,1.3006410857621718e-08,1.3877787807814422e-16
1.5480791077356426e-07,9.123444676682844e-08,1.3006411967844712e-08,1.3877787807814422e-16
1.5480418145375532e-07,9.123374480064165e-08,1.3006412217644892e-08,1.3877787807814422e-16
1.548004574907728e-07,9.12330441806001e-08,1.3006411981722508e-08,1.3877787807814422e-16
1.5479673998096163e-07,9.123234282503587e-08,1.3006412009478077e-08,1.3877787807814422e-16
1.5479302698143187e-07,9.123164170539403e-08,1.3006411731922327e-08,1.3877787807814422e-16
1.547893203240512e-07,9.123094066901886e-08,1.3006413216845595e-08,1.3877787807814422e-16
1.5478561885696336e-07,9.12302390636545e-08,1.3006413827468245e-08,1.3877787807814422e-16
1.5478192399570245e-07,9.122953727787889e-08,1.3006412231522672e-08,1.3877787807814422e-16
1.523535717055555e-07,9.122883571414788e-08,1.3006412481322852e-08,1.3877787807814422e-16
1.5235022789678077e-07,9.122813413653906e-08,1.300641396624613e-08,1.3877787807814422e-16
1.523468904301552e-07,9.122743276709706e-08,1.3006412869900903e-08,1.3877787807814422e-16
1.5234355897261206e-07,9.122673074539909e-08,1.3006413105823297e-08,1.3877787807814422e-16
1.5234023395436253e-07,9.122602948697937e-08,1.3006413161334452e-08,1.3877787807814422e-16
1.523369157362291e-07,9.12253272016034e-08,1.3006414091146208e-08,1.3877787807814422e-16
1.5233360254185535e-07,9.122462540195006e-08,1.3006412398056129e-08,1.3877787807814422e-16
1.523302957312641e-07,9.122392324147427e-08,1.3006412411933918e-08,1.3877787807814422e-16
1.523269946660773e-07,9.122322173325444e-08,1.3006412231522673e-08,1.3877787807814422e-16
1.5232370935217723e-07,9.122251957277859e-08,1.300641184294463e-08,1.3877787807814422e-16
1.5232050998339646e-07,9.122181785639193e-08,1.300641285602312e-08,1.3877787807814422e-16
1.523173159436865e-07,9.122111537672698e-08,1.3006411593144449e-08,1.3877787807814422e-16
1.5231412723304744e-07,9.122041291093991e-08,1.3006412731123026e-08,1.3877787807814422e-16
1.5231094362943465e-07,9.121971090311975e-08,1.3006411065788519e-08,1.3877787807814422e-16
1.5230776514672597e-07,9.121900854835484e-08,1.3006413313990108e-08,1.3877787807814422e-16
1.5230459209023274e-07,9.121830620746783e-08,1.3006412856023117e-08,1.3877787807814422e-16
1.5230142433505477e-07,9.12176037971919e-08,1.3006412980923203e-08,1.3877787807814422e-16
1.5229826193670322e-07,9.121690087343782e-08,1.3006411648655595e-08,1.3877787807814422e-16
1.5229510393761087e-07,9.121619876847311e-08,1.3006411884577995e-08,1.3877787807814422e-16
1.5229195119820045e-07,9.12154958585969e-08,1.3006411940089138e-08,1.3877787807814422e-16
1.5228880370459427e-07,9.121479340668753e-08,1.3006412259278257e-08,1.3877787807814422e-16
1.5228566073514728e-07,9.121409064946694e-08,1.3006411801311266e-08,1.3877787807814422e-16
1.5228252276170436e-07,9.12133876008128e-08,1.3006412078867006e-08,1.3877787807814422e-16
1.5227939028386567e-07,9.121268494073666e-08,1.3006413799712673e-08,1.3877787807814422e-16
1.5227626203875285e-07,9.121198204473817e-08,1.3006411856822416e-08,1.3877787807814422e-16
1.5227313885903294e-07,9.121127914873968e-08,1.3006411898455774e-08,1.3877787807814422e-16
1.5227002085572813e-07,9.121057583640764e-08,1.3006412592345153e-08,1.3877787807814422e-16
1.5226690662718226e-07,9.12098728710202e-08,1.300641307806772e-08,1.3877787807814422e-16
1.5226379806077406e-07,9.120916987787721e-08,1.3006413133578863e-08,1.3877787807814422e-16
1.5226069371321385e-07,9.120846651003398e-08,1.3006412911534268e-08,1.3877787807814422e-16
1.5225759412573534e-07,9.120776351689102e-08,1.3006413286234525e-08,1.3877787807814422e-16
1.5225449909017157e-07,9.120706020455894e-08,1.3006411593144457e-08,1.3877787807814422e-16
1.5225140853713374e-07,9.1206356947738e-08,1.3006413078067728e-08,1.3877787807814422e-16
1.5224832278581084e-07,9.120565331621683e-08,1.3006412300911614e-08,1.3877787807814422e-16
1.5224524108680253e-07,9.120494985122914e-08,1.300641238417834e-08,1.3877787807814422e-16
1.522421648140095e-07,9.120424619195242e-08,1.3006412856023123e-08,1.3877787807814422e-16
1.522390919273974e-07,9.120354256043124e-08,1.3006412245400463e-08,1.3877787807814422e-16
1.5223602428658933e-07,9.120283887339892e-08,1.3006412883778682e-08,1.3877787807814422e-16
1.5223296067034018e-07,9.120213497819986e-08,1.3006412051111434e-08,1.3877787807814422e-16
1.522299014255947e-07,9.120143116626752e-08,1.3006411884577983e-08,1.3877787807814422e-16
1.5222684652459726e-07,9.120072753474635e-08,1.300641067721047e-08,1.3877787807814422e-16
1.5222379555101423e-07,9.120002390322526e-08,1.3006411079666305e-08,1.3877787807814422e-16
1.5222074950404619e-07,9.11993194251591e-08,1.3006412425811703e-08,1.3877787807814422e-16
1.5221770652406996e-07,9.119861554383785e-08,1.3006411787433475e-08,1.3877787807814422e-16
1.5221466894255339e-07,9.119791156537201e-08,1.3006412342544978e-08,1.3877787807814422e-16
1.5221163484436218e-07,9.119720739261722e-08,1.3006412814389756e-08,1.3877787807814422e-16
1.5220860446541867e-07,9.119650320598465e-08,1.3006412925412052e-08,1.3877787807814422e-16
1.5220557960983483e-07,9.11957987001629e-08,1.300641063557711e-08,1.3877787807814422e-16
1.5220255718286466e-07,9.11950945967971e-08,1.3006412800511965e-08,1.3877787807814422e-16
1.521995386277978e-07,9.119438979954191e-08,1.300641248132285e-08,1.3877787807814422e-16
1.52196525637724e-07,9.119368561290928e-08,1.300641153763329e-08,1.3877787807814422e-16
1.5219351528443063e-07,9.119298110708763e-08,1.3006411343344274e-08,1.3877787807814422e-16
1.521905096495854e-07,9.119227654575478e-08,1.3006410871499493e-08,1.3877787807814422e-16
1.521875078172545e-07,9.119157195666647e-08,1.3006410663332681e-08,1.3877787807814422e-16
1.5218451050908271e-07,9.119086685409989e-08,1.3006412578467364e-08,1.3877787807814422e-16
1.5218151673974735e-07,9.119016261195619e-08,1.3006412897656482e-08,1.3877787807814422e-16
1.5217852700884862e-07,9.11894575371453e-08,1.300641162090002e-08,1.3877787807814422e-16
1.521755402061639e-07,9.118875251784553e-08,1.3006412869900913e-08,1.3877787807814422e-16
1.5217255744191575e-07,9.118804790100157e-08,1.3006412994800995e-08,1.3877787807814422e-16
1.5216957789731496e-07,9.118734260414608e-08,1.300641156538888e-08,1.3877787807814422e-16
1.521666035707626e-07,9.118663797342435e-08,1.300641316133444e-08,1.3877787807814422e-16
1.5216363117322355e-07,9.118593239901312e-08,1.3006414535235418e-08,1.3877787807814422e-16
1.521606629667768e-07,9.11852275878802e-08,1.3006411607022235e-08,1.3877787807814422e-16
1.521576974942549e-07,9.118452179142442e-08,1.3006412398056127e-08,1.3877787807814422e-16
1.5215473723978145e-07,9.11838167166135e-08,1.3006412578467357e-08,1.3877787807814422e-16
1.5215177977474394e-07,9.118311141975803e-08,1.3006411038032948e-08,1.3877787807814422e-16
1.52148825126898e-07,9.118240597024689e-08,1.300641359154585e-08,1.3877787807814422e-16
1.5214587343502146e-07,9.118170040971348e-08,1.3006412106622586e-08,1.3877787807814422e-16
1.5214292596199277e-07,9.118099459937992e-08,1.300641270336745e-08,1.3877787807814422e-16
1.521399818196336e-07,9.118028912211322e-08,1.3006412300911614e-08,1.3877787807814422e-16
1.5213704056385495e-07,9.11795831452462e-08,1.3006411287833127e-08,1.3877787807814422e-16
1.5213410287466827e-07,9.117887776512403e-08,1.3006412495200637e-08,1.3877787807814422e-16
1.521311679610397e-07,9.117817220459058e-08,1.300641149599994e-08,1.3877787807814422e-16
1.5212823690543654e-07,9.117746624160138e-08,1.3006412106622591e-08,1.3877787807814422e-16
1.5212530830620252e-07,9.117676033412338e-08,1.3006412980923205e-08,1.3877787807814422e-16
1.5212238284334907e-07,9.117605420460067e-08,1.300641156538887e-08,1.3877787807814422e-16
1.5211946058626508e-07,9.117534807507804e-08,1.3006411981722495e-08,1.3877787807814422e-16
1.5211654186801751e-07,9.117464232025562e-08,1.3006411565388883e-08,1.3877787807814422e-16
1.5211362585593905e-07,9.117393567725494e-08,1.3006412328667196e-08,1.3877787807814422e-16
1.5211071281370773e-07,9.117322970038795e-08,1.3006412897656477e-08,1.3877787807814422e-16
1.5210780213070102e-07,9.117252312677613e-08,1.3006411204566395e-08,1.3877787807814422e-16
1.5210489591634228e-07,9.117181676133113e-08,1.300641099639958e-08,1.3877787807814422e-16
1.521019905346517e-07,9.117111049303065e-08,1.300641082986614e-08,1.3877787807814422e-16
1.5209908906649764e-07,9.117040368349646e-08,1.3006413286234539e-08,1.3877787807814422e-16
1.5209619034614612e-07,9.116969699886241e-08,1.3006412051111437e-08,1.3877787807814422e-16
1.520932943458416e-07,9.116899035586164e-08,1.3006412606222953e-08,1.3877787807814422e-16
1.5209040117660627e-07,9.116828385163879e-08,1.3006411357222068e-08,1.3877787807814422e-16
1.520875111576293e-07,9.116757723639367e-08,1.3006411135177458e-08,1.3877787807814422e-16
1.5208462265133195e-07,9.116687039910396e-08,1.3006411232321981e-08,1.3877787807814422e-16
1.5208173768387087e-07,9.116616342303637e-08,1.3006413008678776e-08,1.3877787807814422e-16
1.520788557417681e-07,9.116545664125776e-08,1.3006411745800115e-08,1.3877787807814422e-16
1.5207597597847857e-07,9.116474974845688e-08,1.3006412398056129e-08,1.3877787807814422e-16
1.5207309793603549e-07,9.116404250871133e-08,1.3006410927010661e-08,1.3877787807814422e-16
1.520702223083281e-07,9.116333486651003e-08,1.3006409622498625e-08,1.3877787807814422e-16
1.5206735083007946e-07,9.116262809860921e-08,1.3006411287833129e-08,1.3877787807814422e-16
1.5206448107267728e-07,9.116192059518583e-08,1.3006410899255075e-08,1.3877787807814422e-16
1.5206161324428817e-07,9.116121356360702e-08,1.3006411731922326e-08,1.3877787807814422e-16
1.5205874717837887e-07,9.116050619896142e-08,1.3006412398056127e-08,1.3877787807814422e-16
1.520558859696954e-07,9.115979827920443e-08,1.3006412217644887e-08,1.3877787807814422e-16
1.5205302506632424e-07,9.115909081741436e-08,1.300641030251021e-08,1.3877787807814422e-16
1.520501666470776e-07,9.115838317521301e-08,1.3006412078867014e-08,1.3877787807814422e-16
1.52047310878489e-07,9.115767557464502e-08,1.3006410552310388e-08,1.3877787807814422e-16
1.5204445673360215e-07,9.115696782142145e-08,1.3006412356422769e-08,1.3877787807814422e-16
1.5204160514222885e-07,9.115625988778659e-08,1.3006411607022247e-08,1.3877787807814422e-16
1.5203875602110236e-07,9.115555217619635e-08,1.3006412911534264e-08,1.3877787807814422e-16
1.5203590870408887e-07,9.115484390949469e-08,1.3006411940089143e-08,1.3877787807814422e-16
1.5203306376017762e-07,9.115413597585988e-08,1.3006412203767106e-08,1.3877787807814422e-16
1.5203022106446855e-07,9.115342802834723e-08,1.3006412176011527e-08,1.3877787807814422e-16
1.5202737968715007e-07,9.115272020573471e-08,1.3006412189889318e-08,1.3877787807814422e-16
1.5202454055803373e-07,9.115201153657725e-08,1.3006412064989226e-08,1.3877787807814422e-16
1.520217044681534e-07,9.115130394988713e-08,1.3006410857621715e-08,1.3877787807814422e-16
1.5201886911379658e-07,9.115059547501864e-08,1.3006411829066849e-08,1.3877787807814422e-16
1.5201603573008618e-07,9.114988669483885e-08,1.3006411509877722e-08,1.3877787807814422e-16
1.5201320488601152e-07,9.114917819221479e-08,1.300641196784472e-08,1.3877787807814422e-16
1.5201037484684928e-07,9.114846981449083e-08,1.3006411593144459e-08,1.3877787807814422e-16
1.5200754763875617e-07,9.114776138125568e-08,1.3006412800511979e-08,1.3877787807814422e-16
1.5200472130496446e-07,9.114705283699835e-08,1.3006410344143576e-08,1.3877787807814422e-16
1.5200189744141945e-07,9.114634389028515e-08,1.3006412356422769e-08,1.3877787807814422e-16
1.519990752848429e-07,9.114563534602768e-08,1.3006411676411178e-08,1.3877787807814422e-16
1.5199625471033485e-07,9.114492595522536e-08,1.3006412953167631e-08,1.3877787807814422e-16
1.519934360925954e-07,9.114421739709018e-08,1.3006412259278256e-08,1.3877787807814422e-16
1.519906183907907e-07,9.114350818669902e-08,1.300641199560029e-08,1.3877787807814422e-16
1.5198780293718816e-07,9.11427992399858e-08,1.3006411676411171e-08,1.3877787807814422e-16
1.519849884966648e-07,9.114209008510588e-08,1.3006411801311261e-08,1.3877787807814422e-16
1.5198217627658796e-07,9.114138091634811e-08,1.3006411412733211e-08,1.3877787807814422e-16
1.519793651944904e-07,9.114067140064562e-08,1.300641167641117e-08,1.3877787807814422e-16
1.519765551671054e-07,9.113996187106544e-08,1.3006411343344274e-08,1.3877787807814422e-16
1.5197374674954447e-07,9.113925275781884e-08,1.3006412148255957e-08,1.3877787807814422e-16
1.5197094013609636e-07,9.113854320048301e-08,1.3006411731922337e-08,1.3877787807814422e-16
1.5196813497981662e-07,9.113783382355848e-08,1.300641070496605e-08,1.3877787807814422e-16
1.519653312945829e-07,9.11371243494894e-08,1.3006412259278246e-08,1.3877787807814422e-16
1.5196252781751703e-07,9.113641422316442e-08,1.3006412134378167e-08,1.3877787807814422e-16
1.5195972714376445e-07,9.113570430500615e-08,1.3006411454366574e-08,1.3877787807814422e-16
1.5195692656715734e-07,9.113499478930377e-08,1.3006411648655595e-08,1.3877787807814422e-16
1.5195412722567387e-07,9.113428502380115e-08,1.300641160702224e-08,1.3877787807814422e-16
1.519513294801366e-07,9.113357491135395e-08,1.3006411801311263e-08,1.3877787807814422e-16
1.5194853302523418e-07,9.113286499319573e-08,1.3006411204566404e-08,1.3877787807814422e-16
1.5194573793035558e-07,9.113215439502606e-08,1.3006410815988355e-08,1.3877787807814422e-16
1.5194294425101182e-07,9.113144480993467e-08,1.3006412717245252e-08,1.3877787807814422e-16
1.5194015119616922e-07,9.113073455870963e-08,1.300641234254498e-08,1.3877787807814422e-16
1.5193735877970565e-07,9.113002389115095e-08,1.300641216213375e-08,1.3877787807814422e-16
1.5193456741795452e-07,9.112931408401504e-08,1.300641126007756e-08,1.3877787807814422e-16
1.5193177683336024e-07,9.112860344421192e-08,1.3006410760477197e-08,1.3877787807814422e-16
1.5192898839982337e-07,9.112789259624205e-08,1.3006411773555692e-08,1.3877787807814422e-16
1.519262001744542e-07,9.112717838984803e-08,1.3006410566188181e-08,1.3877787807814422e-16
1.5192341251807496e-07,9.112646275404202e-08,1.300641300867878e-08,1.3877787807814422e-16
1.519206263743751e-07,9.112574686843589e-08,1.3006412064989228e-08,1.3877787807814422e-16
1.5191784092456526e-07,9.112503028894048e-08,1.3006411676411178e-08,1.3877787807814422e-16
1.51915056071501e-07,9.11243138065895e-08,1.3006411260077555e-08,1.3877787807814422e-16
1.5191228959262576e-07,9.11235978099611e-08,1.3006412092744805e-08,1.3877787807814422e-16
1.5190968206990851e-07,9.112288107781003e-08,1.3006410385776938e-08,1.3877787807814422e-16
1.5190707379779173e-07,9.112216484525927e-08,1.3006411648655609e-08,1.3877787807814422e-16
1.519044682873549e-07,9.112144798820808e-08,1.3006411995600304e-08,1.3877787807814422e-16
1.5190186405367512e-07,9.112073104789023e-08,1.300641181518905e-08,1.3877787807814422e-16
1.518992612910413e-07,9.112001442676145e-08,1.3006411676411176e-08,1.3877787807814422e-16
1.5189665862555276e-07,9.111929762522148e-08,1.3006413591545859e-08,1.3877787807814422e-16
1.518940574588658e-07,9.11185806016369e-08,1.3006412328667193e-08,1.3877787807814422e-16
1.5189145774934703e-07,9.111786380009687e-08,1.3006410746599418e-08,1.3877787807814422e-16
1.518888595386298e-07,9.111714715121249e-08,1.3006413397256831e-08,1.3877787807814422e-16
1.5188626209119153e-07,9.111642958639429e-08,1.3006410691088265e-08,1.3877787807814422e-16
1.518836653931543e-07,9.111571274322094e-08,1.3006413202967808e-08,1.3877787807814422e-16
1.5188106984697407e-07,9.111499551146958e-08,1.3006410871499496e-08,1.3877787807814422e-16
1.5187847573020639e-07,9.111427778011793e-08,1.3006411537633305e-08,1.3877787807814422e-16
1.5187588198813966e-07,9.11135606593888e-08,1.300641195396693e-08,1.3877787807814422e-16
1.5187328956446322e-07,9.111284269211472e-08,1.3006411787433485e-08,1.3877787807814422e-16
1.5187069773753224e-07,9.111212559914132e-08,1.3006410358021359e-08,1.3877787807814422e-16
1.518681068959247e-07,9.111140788166742e-08,1.300641309194551e-08,1.3877787807814422e-16
1.5186551680371829e-07,9.111068990051558e-08,1.3006411842944623e-08,1.3877787807814422e-16
1.5186292832133568e-07,9.110997229406402e-08,1.300641128783313e-08,1.3877787807814422e-16
1.5186033974180924e-07,9.110925461822347e-08,1.3006412023355871e-08,1.3877787807814422e-16
1.518577515647392e-07,9.110853658156052e-08,1.3006412370300555e-08,1.3877787807814422e-16
1.518551071132489e-07,9.110781811468621e-08,1.3006410593943747e-08,1.3877787807814422e-16
1.5185246073274703e-07,9.110709998087874e-08,1.3006411940089141e-08,1.3877787807814422e-16
1.5184981467143485e-07,9.110638193033803e-08,1.3006410663332688e-08,1.3877787807814422e-16
1.5184716987300181e-07,9.110566353285265e-08,1.3006412980923207e-08,1.3877787807814422e-16
1.5184452460272473e-07,9.110494531577843e-08,1.3006412189889317e-08,1.3877787807814422e-16
1.5184187963775954e-07,9.110422682114858e-08,1.3006410802110559e-08,1.3877787807814422e-16
1.518392349781063e-07,9.110350824325195e-08,1.3006411454366578e-08,1.3877787807814422e-16
1.5183659120663198e-07,9.110278970698874e-08,1.3006412259278264e-08,1.3877787807814422e-16
1.5183394774046945e-07,9.11020707682697e-08,1.300641171804454e-08,1.3877787807814422e-16
1.5183130364980727e-07,9.110135228751765e-08,1.300641162090003e-08,1.3877787807814422e-16
1.51828659864457e-07,9.110063336267638e-08,1.3006411357222065e-08,1.3877787807814422e-16
1.5182601699504116e-07,9.109991431293505e-08,1.300641146824437e-08,1.3877787807814422e-16
1.518233737925591e-07,9.109919604034973e-08,1.3006412300911619e-08,1.3877787807814422e-16
1.518207303819109e-07,9.109847676856385e-08,1.300641120456641e-08,1.3877787807814422e-16
1.5181808776229698e-07,9.109775602573264e-08,1.3006411079666317e-08,1.3877787807814422e-16
1.5181544446267217e-07,9.109702585988488e-08,1.300641192621135e-08,1.3877787807814422e-16
1.5181280192632606e-07,9.10962953609702e-08,1.3006411912333562e-08,1.3877787807814422e-16
1.5181015801607973e-07,9.109556475103325e-08,1.3006411731922334e-08,1.3877787807814422e-16
1.5180751395317818e-07,9.109483400231844e-08,1.3006412564589587e-08,1.3877787807814422e-16
1.5180486911312128e-07,9.109410293441461e-08,1.3006410510677027e-08,1.3877787807814422e-16
1.518022251057321e-07,9.10933719358996e-08,1.3006410024954458e-08,1.3877787807814422e-16
1.5179958125099914e-07,9.109263598301516e-08,1.3006411176810825e-08,1.3877787807814422e-16
1.517969188416697e-07,9.109189572801702e-08,1.3006411176810825e-08,1.3877787807814422e-16
1.5179409868357258e-07,9.10911562779305e-08,1.3006412009478087e-08,1.3877787807814422e-16
1.517912781230202e-07,9.109041673069953e-08,1.3006411468244369e-08,1.3877787807814422e-16
1.517884566604124e-07,9.108967672550159e-08,1.3006411648655604e-08,1.3877787807814422e-16
1.5178563471208255e-07,9.108893647050345e-08,1.3006410746599413e-08,1.3877787807814422e-16
1.5178281265273098e-07,9.108819642367211e-08,1.3006411662533388e-08,1.3877787807814422e-16
1.5177999056562435e-07,9.108745614091842e-08,1.3006410233121269e-08,1.3877787807814422e-16
1.5177716721563973e-07,9.108671577489805e-08,1.3006410621699324e-08,1.3877787807814422e-16
1.517743433799332e-07,9.108597550602214e-08,1.30064119817225e-08,1.3877787807814422e-16
1.5177151871156008e-07,9.108523489020161e-08,1.3006411190688616e-08,1.3877787807814422e-16
1.51768693099498e-07,9.108449426050328e-08,1.300641259234515e-08,1.3877787807814422e-16
1.5176586720988077e-07,9.108375343651596e-08,1.3006411620900026e-08,1.3877787807814422e-16
1.5176304119536386e-07,9.108301277906205e-08,1.3006411620900035e-08,1.3877787807814422e-16
1.5176021368204666e-07,9.108227191344135e-08,1.3006410746599413e-08,1.3877787807814422e-16
1.5175738522504055e-07,9.108153124210973e-08,1.3006411773555697e-08,1.3877787807814422e-16
1.5175455705946836e-07,9.108078965484415e-08,1.300641085762171e-08,1.3877787807814422e-16
1.517517285747077e-07,9.10800487753457e-08,1.3006412869900911e-08,1.3877787807814422e-16
1.5174889938218036e-07,9.107930718808007e-08,1.3006412550711795e-08,1.3877787807814422e-16
1.5174607024516464e-07,9.107856562857015e-08,1.3006410954766227e-08,1.3877787807814422e-16
1.5174323967873746e-07,9.107782419396025e-08,1.3006411745800113e-08,1.3877787807814422e-16
1.5174040826576586e-07,9.107708281486143e-08,1.3006411620900025e-08,1.3877787807814422e-16
1.5960363082109975e-07,9.107634129698489e-08,1.3006411704166755e-08,1.3877787807814422e-16
1.596056834996623e-07,9.107559941828581e-08,1.3006411412733214e-08,1.3877787807814422e-16
1.59607742534252e-07,9.107485765060901e-08,1.3006411093544106e-08,1.3877787807814422e-16
1.5960978773269028e-07,9.107411549435425e-08,1.300641203723366e-08,1.3877787807814422e-16
1.5961180513392498e-07,9.107337335197726e-08,1.300641119068862e-08,1.3877787807814422e-16
1.5961379176810983e-07,9.107263130674479e-08,1.3006411162933039e-08,1.3877787807814422e-16
1.5961575715540575e-07,9.107188923375676e-08,1.3006411620900025e-08,1.3877787807814422e-16
1.5961771683893293e-07,9.107114721627984e-08,1.300641194008915e-08,1.3877787807814422e-16
1.596196849185216e-07,9.107040415796895e-08,1.300641044128809e-08,1.3877787807814422e-16
1.5962166715345278e-07,9.106966191844747e-08,1.3006410843743922e-08,1.3877787807814422e-16
1.5962365836731259e-07,9.106891927647023e-08,1.300640983066543e-08,1.3877787807814422e-16
1.5962564805461702e-07,9.106817652347063e-08,1.3006412176011532e-08,1.3877787807814422e-16
1.596276247939485e-07,9.10674334790376e-08,1.3006411065788534e-08,1.3877787807814422e-16
1.5962957837125678e-07,9.106669076767138e-08,1.3006411260077548e-08,1.3877787807814422e-16
1.596315127278327e-07,9.106594800079405e-08,1.3006411135177461e-08,1.3877787807814422e-16
1.5963343213803465e-07,9.106520458166074e-08,1.3006412356422765e-08,1.3877787807814422e-16
1.5963534800940234e-07,9.106446153722765e-08,1.3006411329466496e-08,1.3877787807814422e-16
1.5963726833554036e-07,9.106371813197218e-08,1.300641246744507e-08,1.3877787807814422e-16
1.596391950177053e-07,9.106297449079434e-08,1.3006411010277374e-08,1.3877787807814422e-16
1.5964112339296128e-07,9.10622310439054e-08,1.3006411551511089e-08,1.3877787807814422e-16
1.596430448987145e-07,9.106148734721642e-08,1.3006412051111447e-08,1.3877787807814422e-16
1.596449540393616e-07,9.106074360889411e-08,1.3006411634777813e-08,1.3877787807814422e-16
1.5964684609645564e-07,9.106000018976083e-08,1.3006411745800112e-08,1.3877787807814422e-16
1.5964872295737535e-07,9.105925638204948e-08,1.3006412106622598e-08,1.3877787807814422e-16
1.596505895348569e-07,9.105851251882707e-08,1.3006410302510213e-08,1.3877787807814422e-16
1.596524541278161e-07,9.105776828090443e-08,1.3006411759677905e-08,1.3877787807814422e-16
1.5965431856812085e-07,9.105702415400404e-08,1.3006410441288084e-08,1.3877787807814422e-16
1.5965618489580554e-07,9.105627983281469e-08,1.300641112129967e-08,1.3877787807814422e-16
1.5965804721281133e-07,9.105553531733638e-08,1.3006411482122153e-08,1.3877787807814422e-16
1.5965990118926898e-07,9.105479070471348e-08,1.3006412356422765e-08,1.3877787807814422e-16
1.5966174381369877e-07,9.105404575902374e-08,1.3006410871499505e-08,1.3877787807814422e-16
1.5966357229666612e-07,9.105330143783436e-08,1.3006410954766228e-08,1.3877787807814422e-16
1.596653892888278e-07,9.105255654765575e-08,1.3006409525354104e-08,1.3877787807814422e-16
1.5966719832901941e-07,9.105181192115516e-08,1.3006411912333567e-08,1.3877787807814422e-16
1.596690040662992e-07,9.105106668403186e-08,1.3006411593144454e-08,1.3877787807814422e-16
1.5967080737496742e-07,9.105032190487555e-08,1.3006411107421894e-08,1.3877787807814422e-16
1.5967260854645768e-07,9.104957629305214e-08,1.3006412203767111e-08,1.3877787807814422e-16
1.5967440259864504e-07,9.104883130572904e-08,1.3006410691088261e-08,1.3877787807814422e-16
1.5967618811599513e-07,9.104808584656126e-08,1.3006411107421889e-08,1.3877787807814422e-16
1.5967796189273956e-07,9.10473404012713e-08,1.3006411440488797e-08,1.3877787807814422e-16
1.5967972494195677e-07,9.104659495598121e-08,1.3006411953966932e-08,1.3877787807814422e-16
1.5968147830448042e-07,9.104584914986878e-08,1.3006411107421882e-08,1.3877787807814422e-16
1.5968322465872345e-07,9.104510331600075e-08,1.300641128783313e-08,1.3877787807814422e-16
1.596849661279869e-07,9.104435742662158e-08,1.3006411967844722e-08,1.3877787807814422e-16
1.5968670322574887e-07,9.104361149560905e-08,1.3006412342544987e-08,1.3877787807814422e-16
1.5968843455035305e-07,9.1042865467452e-08,1.3006410677210474e-08,1.3877787807814422e-16
1.5969015888055432e-07,9.104211917561703e-08,1.3006411162933032e-08,1.3877787807814422e-16
1.5969187360732873e-07,9.104137291153767e-08,1.300640991393216e-08,1.3877787807814422e-16
1.5969357827270952e-07,9.104062653643602e-08,1.3006411731922329e-08,1.3877787807814422e-16
1.596952719885185e-07,9.103988005031202e-08,1.3006411509877736e-08,1.3877787807814422e-16
1.596969575997017e-07,9.103913355031031e-08,1.3006410732721632e-08,1.3877787807814422e-16
1.5969863625811514e-07,9.103838685601953e-08,1.3006411773555692e-08,1.3877787807814422e-16
1.5970030967072652e-07,9.103763995356198e-08,1.3006412092744802e-08,1.3877787807814422e-16
1.5970197604730176e-07,9.103689292620442e-08,1.3006412620100734e-08,1.3877787807814422e-16
1.5970363573478516e-07,9.103614577394674e-08,1.3006411384977645e-08,1.3877787807814422e-16
1.59705286526609e-07,9.103539892700034e-08,1.3006411940089153e-08,1.3877787807814422e-16
1.5970692833950644e-07,9.103465183025382e-08,1.3006411260077552e-08,1.3877787807814422e-16
1.59708560493466e-07,9.10339044975849e-08,1.3006412800511969e-08,1.3877787807814422e-16
1.5971018237786512e-07,9.103315738696058e-08,1.3006412314789407e-08,1.3877787807814422e-16
1.5971179689316103e-07,9.103240969346927e-08,1.300641149599994e-08,1.3877787807814422e-16
1.59713395462883e-07,9.103166184732228e-08,1.3006412231522685e-08,1.3877787807814422e-16
1.5971496677663718e-07,9.103091436199778e-08,1.3006411093544095e-08,1.3877787807814422e-16
1.5971652930575418e-07,9.103016641870627e-08,1.3006411981722506e-08,1.3877787807814422e-16
1.5971808398004535e-07,9.102941854480379e-08,1.3006411676411184e-08,1.3877787807814422e-16
1.5971962728843137e-07,9.102867053212334e-08,1.3006410455165874e-08,1.3877787807814422e-16
1.5972116175666857e-07,9.102792245005402e-08,1.3006410469043663e-08,1.3877787807814422e-16
1.5972268376265568e-07,9.102717452064031e-08,1.3006410177610126e-08,1.3877787807814422e-16
1.597241974836055e-07,9.102642621652644e-08,1.3006411593144452e-08,1.3877787807814422e-16
1.597257013513286e-07,9.102567721852319e-08,1.3006410496799234e-08,1.3877787807814422e-16
1.597271955323586e-07,9.102492923359842e-08,1.3006411676411183e-08,1.3877787807814422e-16
1.5972868213611835e-07,9.102418047151755e-08,1.3006411204566404e-08,1.3877787807814422e-16
1.5973015878950692e-07,9.102343148739212e-08,1.3006410802110562e-08,1.3877787807814422e-16
1.5973162632519118e-07,9.102268296123375e-08,1.3006410205365698e-08,1.3877787807814422e-16
1.597330822729257e-07,9.102193393547495e-08,1.3006410760477202e-08,1.3877787807814422e-16
1.5973452861723341e-07,9.102118472930492e-08,1.300641092701065e-08,1.3877787807814422e-16
1.597359641091138e-07,9.102043553701275e-08,1.3006412189889325e-08,1.3877787807814422e-16
1.597373087708968e-07,9.101968630308717e-08,1.3006412314789418e-08,1.3877787807814422e-16
1.5973863633524977e-07,9.10189366389503e-08,1.300641030251022e-08,1.3877787807814422e-16
1.597399515622526e-07,9.101818782135832e-08,1.3006411079666317e-08,1.3877787807814422e-16
1.5974125468782746e-07,9.101743786578788e-08,1.3006410940888439e-08,1.3877787807814422e-16
1.5974254511522988e-07,9.101668860410675e-08,1.3006410635577122e-08,1.3877787807814422e-16
1.5974382265017055e-07,9.101593842649178e-08,1.3006411010277381e-08,1.3877787807814422e-16
1.5974508630732703e-07,9.101518877623262e-08,1.300640996944331e-08,1.3877787807814422e-16
1.5974633650303257e-07,9.101443854310647e-08,1.3006411468244372e-08,1.3877787807814422e-16
1.5974757320953194e-07,9.101368854590277e-08,1.3006411440488801e-08,1.3877787807814422e-16
1.5974879687091402e-07,9.101293850706559e-08,1.3006411912333572e-08,1.3877787807814422e-16
1.5975000825045696e-07,9.101218853761742e-08,1.3006411176810831e-08,1.3877787807814422e-16
1.5975120729264961e-07,9.101143780489105e-08,1.300641121844419e-08,1.3877787807814422e-16
1.597523923044025e-07,9.101068780768724e-08,1.3006412120500383e-08,1.3877787807814422e-16
1.5975356421552692e-07,9.100993674189396e-08,1.300641067721048e-08,1.3877787807814422e-16
1.597547226652005e-07,9.100918602304531e-08,1.3006410524554821e-08,1.3877787807814422e-16
1.597558676811788e-07,9.100843512378547e-08,1.3006411260077557e-08,1.3877787807814422e-16
1.5975699858345036e-07,9.100768436330345e-08,1.3006411246199767e-08,1.3877787807814422e-16
1.597581159410045e-07,9.100693314485454e-08,1.3006409566987474e-08,1.3877787807814422e-16
1.5975922019793e-07,9.100618224559469e-08,1.3006411190688621e-08,1.3877787807814422e-16
1.5976031117381604e-07,9.10054310687791e-08,1.3006411051910754e-08,1.3877787807814422e-16
1.5976139196340825e-07,9.100467898990744e-08,1.3006410177610118e-08,1.3877787807814422e-16
1.597624613454617e-07,9.100392836820335e-08,1.3006413133578874e-08,1.3877787807814422e-16
1.5976351805709793e-07,9.100317642810951e-08,1.3006410829866146e-08,1.3877787807814422e-16
1.5976456047461624e-07,9.100242522353843e-08,1.3006411440488795e-08,1.3877787807814422e-16
1.597655828248571e-07,9.100167318630012e-08,1.3006411135177471e-08,1.3877787807814422e-16
1.5976655811552443e-07,9.100092184295117e-08,1.3006411745800113e-08,1.3877787807814422e-16
1.5976751929248504e-07,9.100016977795725e-08,1.3006409331065076e-08,1.3877787807814422e-16
1.597684667720725e-07,9.099941710234082e-08,1.3006409303309515e-08,1.3877787807814422e-16
1.597694016228759e-07,9.099866502346919e-08,1.3006410122098975e-08,1.3877787807814422e-16
1.5977032155506104e-07,9.099791300010865e-08,1.3006411912333569e-08,1.3877787807814422e-16
1.5977122880295128e-07,9.099716087960374e-08,1.3006410538432596e-08,1.3877787807814422e-16
1.5977212125712326e-07,9.099640812072058e-08,1.3006410802110569e-08,1.3877787807814422e-16
1.5977299830695445e-07,9.099565552837077e-08,1.3006411051910743e-08,1.3877787807814422e-16
1.5977386265861284e-07,9.099490265846535e-08,1.3006412356422772e-08,1.3877787807814422e-16
1.5977471360433138e-07,9.099414974692657e-08,1.3006411149055256e-08,1.3877787807814422e-16
1.5977554827140867e-07,9.099339705743235e-08,1.3006411579266668e-08,1.3877787807814422e-16
1.5977637054562446e-07,9.099264406262688e-08,1.3006410066587833e-08,1.3877787807814422e-16
1.5977717837306658e-07,9.099189091516569e-08,1.3006411301710923e-08,1.3877787807814422e-16
1.5977797212843515e-07,9.099113765668226e-08,1.3006408956364827e-08,1.3877787807814422e-16
1.5977875149254123e-07,9.099038430105433e-08,1.3006410580065976e-08,1.3877787807814422e-16
1.597795165070181e-07,9.098963107032644e-08,1.3006410094343396e-08,1.3877787807814422e-16
1.5978026654736545e-07,9.098887711795374e-08,1.3006412078867016e-08,1.3877787807814422e-16
1.597810033066729e-07,9.098812359579234e-08,1.3006411537633301e-08,1.3877787807814422e-16
1.5978172473102845e-07,9.098736990709757e-08,1.3006410274754644e-08,1.3877787807814422e-16
1.5978243236086616e-07,9.09866165375919e-08,1.3006411329466494e-08,1.3877787807814422e-16
1.5978312453085193e-07,9.098586186357421e-08,1.3006412745000834e-08,1.3877787807814422e-16
1.5978380379449795e-07,9.098510809161278e-08,1.3006411010277378e-08,1.3877787807814422e-16
1.5978446733461406e-07,9.098435372290644e-08,1.300641063557711e-08,1.3877787807814422e-16
1.5978511620591193e-07,9.098359972890034e-08,1.3006411343344275e-08,1.3877787807814422e-16
1.5978575025573586e-07,9.098284501324943e-08,1.3006411579266661e-08,1.3877787807814422e-16
1.5978637020573056e-07,9.098209036698738e-08,1.3006411135177465e-08,1.3877787807814422e-16
1.5978697477913993e-07,9.098133558194747e-08,1.3006410344143571e-08,1.3877787807814422e-16
1.5978756514169785e-07,9.098058079690767e-08,1.3006410135976752e-08,1.3877787807814422e-16
1.5978814053012627e-07,9.097982631717903e-08,1.300641095476623e-08,1.3877787807814422e-16
1.5978870181872543e-07,9.097907135172799e-08,1.300641059394376e-08,1.3877787807814422e-16
1.5978924752257242e-07,9.097831598382109e-08,1.3006410635577112e-08,1.3877787807814422e-16
1.5978977812738978e-07,9.097756075469201e-08,1.3006410815988353e-08,1.3877787807814422e-16
1.59790293855222e-07,9.097680547005188e-08,1.300641155151109e-08,1.3877787807814422e-16
1.5979079581629177e-07,9.097605036582296e-08,1.3006411842944633e-08,1.3877787807814422e-16
1.597912811240201e-07,9.097529477587149e-08,1.3006411065788529e-08,1.3877787807814422e-16
1.5979179214728536e-07,9.097453901938665e-08,1.3006412176011537e-08,1.3877787807814422e-16
1.5979235265873378e-07,9.097378336004622e-08,1.3006410982521805e-08,1.3877787807814422e-16
1.597928973217523e-07,9.097302752029468e-08,1.3006410829866135e-08,1.3877787807814422e-16
1.597934281208638e-07,9.097227154176519e-08,1.3006410760477204e-08,1.3877787807814422e-16
1.5979394254418943e-07,9.097151511914654e-08,1.300641107966632e-08,1.3877787807814422e-16
1.5979444293707472e-07,9.09707592932728e-08,1.3006411343344274e-08,1.3877787807814422e-16
1.5979492784235228e-07,9.097000298167648e-08,1.3006410815988347e-08,1.3877787807814422e-16
1.5979539787064457e-07,9.09692468366136e-08,1.3006409983321093e-08,1.3877787807814422e-16
1.5979585303582958e-07,9.096848977561684e-08,1.300641076047721e-08,1.3877787807814422e-16
1.5979629294932902e-07,9.096773367218734e-08,1.300641034414358e-08,1.3877787807814422e-16
1.5979671774992093e-07,9.096697670833504e-08,1.3006411953966932e-08,1.3877787807814422e-16
1.5979712711841637e-07,9.096622039673877e-08,1.3006409580865263e-08,1.3877787807814422e-16
1.5979752172094875e-07,9.096546285001947e-08,1.300641156538888e-08,1.3877787807814422e-16
1.5979790047505096e-07,9.096470621923415e-08,1.3006410052710045e-08,1.3877787807814422e-16
1.597982636027675e-07,9.096394888068165e-08,1.300640992780995e-08,1.3877787807814422e-16
1.5979861226983244e-07,9.096319158376254e-08,1.3006411176810835e-08,1.3877787807814422e-16
1.5979894478315575e-07,9.09624338427543e-08,1.3006411343344277e-08,1.3877787807814422e-16
1.5979926271092742e-07,9.096167671236864e-08,1.3006411690288977e-08,1.3877787807814422e-16
1.5979956474863548e-07,9.096091858278235e-08,1.3006411176810833e-08,1.3877787807814422e-16
1.5979985115995791e-07,9.096016109157426e-08,1.3006409733520926e-08,1.3877787807814422e-16
1.5980012290246178e-07,9.095940346158835e-08,1.3006412314789409e-08,1.3877787807814422e-16
1.5980037811652408e-07,9.09586453458799e-08,1.300641085762171e-08,1.3877787807814422e-16
1.5980061889769002e-07,9.095788757711601e-08,1.3006411149055253e-08,1.3877787807814422e-16
1.598008424565251e-07,9.095712908670734e-08,1.300641171804455e-08,1.3877787807814422e-16
1.5980105172124182e-07,9.095637115141018e-08,1.3006410163732333e-08,1.3877787807814422e-16
1.598012456093729e-07,9.095561286916825e-08,1.3006410205365706e-08,1.3877787807814422e-16
1.598014223861954e-07,9.095485415671496e-08,1.300641039965473e-08,1.3877787807814422e-16
1.5980158371704337e-07,9.095409584671754e-08,1.3006411926211358e-08,1.3877787807814422e-16
1.5980172975457243e-07,9.095333695385304e-08,1.3006411662533385e-08,1.3877787807814422e-16
1.5980185995754908e-07,9.095257772792169e-08,1.3006410580065967e-08,1.3877787807814422e-16
1.5980197493659557e-07,9.095181918200189e-08,1.3006411745800128e-08,1.3877787807814422e-16
1.598020743447675e-07,9.095105988668163e-08,1.3006411565388883e-08,1.3877787807814422e-16
1.5980215684979753e-07,9.095030070238367e-08,1.3006410829866143e-08,1.3877787807814422e-16
1.5980222340925276e-07,9.094954149033011e-08,1.3006411759677908e-08,1.3877787807814422e-16
1.5980227480028915e-07,9.094878216725432e-08,1.3006410885377299e-08,1.3877787807814422e-16
1.5980230946859467e-07,9.094802238621154e-08,1.300641088537729e-08,1.3877787807814422e-16
1.5980232877419247e-07,9.094726302150237e-08,1.3006409442087384e-08,1.3877787807814422e-16
1.5980233182890406e-07,9.094650322658185e-08,1.3006409469842961e-08,1.3877787807814422e-16
1.598023194653966e-07,9.094574370921701e-08,1.300641071884384e-08,1.3877787807814422e-16
1.5980228986568036e-07,9.09449837200075e-08,1.3006410746599414e-08,1.3877787807814422e-16
1.5980224497264505e-07,9.094422363365341e-08,1.3006411038032953e-08,1.3877787807814422e-16
1.5980218371770157e-07,9.094346326974366e-08,1.3006410649454901e-08,1.3877787807814422e-16
1.5980210587880484e-07,9.094270325277855e-08,1.3006411953966939e-08,1.3877787807814422e-16
1.5980201258005593e-07,9.094194294437997e-08,1.300640923392057e-08,1.3877787807814422e-16
1.600521654133123e-07,9.094118226128114e-08,1.3006411384977639e-08,1.3877787807814422e-16
1.6005217308930054e-07,9.094042184186025e-08,1.3006411149055259e-08,1.3877787807814422e-16
1.6005216332091333e-07,9.09396610616169e-08,1.3006409261676147e-08,1.3877787807814422e-16
1.6005213653836189e-07,9.093890028137356e-08,1.3006410593943753e-08,1.3877787807814422e-16
1.6005209204775685e-07,9.093813882111872e-08,1.3006411176810831e-08,1.3877787807814422e-16
1.6005202857234223e-07,9.07395195564266e-08,1.3006410815988348e-08,1.3877787807814422e-16
1.5637261663803194e-07,9.07387487564224e-08,1.300640967800977e-08,1.3877787807814422e-16
1.5638622019870346e-07,9.073797853928514e-08,1.3006410788232786e-08,1.3877787807814422e-16
1.5639981261551412e-07,9.073720728131396e-08,1.3006410663332694e-08,1.3877787807814422e-16
1.5641340710011536e-07,9.073643624538736e-08,1.3006410968644016e-08,1.3877787807814422e-16
1.5642701326981202e-07,9.073566554252771e-08,1.3006410815988355e-08,1.3877787807814422e-16
1.564406262118685e-07,9.073489378495616e-08,1.3006410413532512e-08,1.3877787807814422e-16
1.564542375302247e-07,9.073412244371836e-08,1.3006410913132865e-08,1.3877787807814422e-16
1.564678349014077e-07,9.073335085268031e-08,1.3006410371899155e-08,1.3877787807814422e-16
1.5648141271879213e-07,9.073257974736477e-08,1.3006410344143583e-08,1.3877787807814422e-16
1.5649497044114436e-07,9.073180747631524e-08,1.3006410815988353e-08,1.3877787807814422e-16
1.5650851675595799e-07,9.073103570486607e-08,1.3006411079666312e-08,1.3877787807814422e-16
1.5652206023970414e-07,9.073026389178348e-08,1.3006411468244364e-08,1.3877787807814422e-16
1.5653560617981892e-07,9.072949198155638e-08,1.3006411273955341e-08,1.3877787807814422e-16
1.565491559363251e-07,9.072871953009563e-08,1.3006411232321976e-08,1.3877787807814422e-16
1.5656270125194066e-07,9.072794741170178e-08,1.3006408997998184e-08,1.3877787807814422e-16
1.565762349518508e-07,9.072717507126327e-08,1.3006410135976766e-08,1.3877787807814422e-16
1.565897527061866e-07,9.0726402328369e-08,1.3006411371099851e-08,1.3877787807814422e-16
1.5660325452882563e-07,9.072562962710813e-08,1.3006410344143578e-08,1.3877787807814422e-16
1.56616745138215e-07,9.072485695360287e-08,1.300641196784472e-08,1.3877787807814422e-16
1.5663023039077985e-07,9.072408428009753e-08,1.3006410552310385e-08,1.3877787807814422e-16
1.5664371413066677e-07,9.07233117453701e-08,1.3006410427410306e-08,1.3877787807814422e-16
1.5665719606644226e-07,9.072253808654203e-08,1.3006410316388004e-08,1.3877787807814422e-16
1.5667067347806036e-07,9.072176514935877e-08,1.3006411093544098e-08,1.3877787807814422e-16
1.566841398152066e-07,9.072099215666437e-08,1.3006410524554814e-08,1.3877787807814422e-16
1.5669759246885721e-07,9.07202181508916e-08,1.3006410607821545e-08,1.3877787807814422e-16
1.5671103152227918e-07,9.071944478349702e-08,1.300641132946649e-08,1.3877787807814422e-16
1.5672445959837369e-07,9.071867116630227e-08,1.3006409941687733e-08,1.3877787807814422e-16
1.567378807633317e-07,9.071789741032968e-08,1.3006409011875963e-08,1.3877787807814422e-16
1.567245712477049e-07,9.071712383476831e-08,1.3006411523755522e-08,1.3877787807814422e-16
1.567330304524774e-07,9.071634945429532e-08,1.3006411273955338e-08,1.3877787807814422e-16
1.5674147973463422e-07,9.071557549015593e-08,1.3006410732721627e-08,1.3877787807814422e-16
1.5674991969092022e-07,9.071480134560532e-08,1.3006410441288093e-08,1.3877787807814422e-16
1.5675834750414493e-07,9.071402689574345e-08,1.300641181518905e-08,1.3877787807814422e-16
1.5676676424289782e-07,9.071325216832582e-08,1.3006411398855431e-08,1.3877787807814422e-16
1.567751684361336e-07,9.071247802377525e-08,1.3006409802909865e-08,1.3877787807814422e-16
1.5678356390024336e-07,9.071170285226849e-08,1.3006409386576237e-08,1.3877787807814422e-16
1.567919509544158e-07,9.071092838852885e-08,1.3006410663332699e-08,1.3877787807814422e-16
1.5680033215216353e-07,9.071015359172228e-08,1.3006410996399595e-08,1.3877787807814422e-16
1.5680873159919755e-07,9.070937835082658e-08,1.3006411607022249e-08,1.3877787807814422e-16
1.5681712120688246e-07,9.070860297115309e-08,1.3006409553109688e-08,1.3877787807814422e-16
1.5682549914335084e-07,9.070782843802454e-08,1.300641096864402e-08,1.3877787807814422e-16
1.568338663800475e-07,9.070705294732869e-08,1.3006410441288091e-08,1.3877787807814422e-16
1.5684222297248364e-07,9.070627691539919e-08,1.3006411426611e-08,1.3877787807814422e-16
1.5685056862922565e-07,9.070550199369261e-08,1.30064125507118e-08,1.3877787807814422e-16
1.5685890511275233e-07,9.070472575359634e-08,1.3006410538432599e-08,1.3877787807814422e-16
1.568672321038747e-07,9.070395009636716e-08,1.300641152375552e-08,1.3877787807814422e-16
1.5687554881155895e-07,9.070317430036004e-08,1.3006410815988348e-08,1.3877787807814422e-16
1.568838547223269e-07,9.07023977688302e-08,1.3006409789032077e-08,1.3877787807814422e-16
1.5689215025251216e-07,9.07016220283343e-08,1.300641257846737e-08,1.3877787807814422e-16
1.5690043387555852e-07,9.070084552456015e-08,1.3006411856822416e-08,1.3877787807814422e-16
1.5690870711802204e-07,9.070006915956379e-08,1.3006411634777818e-08,1.3877787807814422e-16
1.569169685782467e-07,9.069929276681192e-08,1.3006410510677013e-08,1.3877787807814422e-16
1.5692522133710052e-07,9.069851617977102e-08,1.3006410940888452e-08,1.3877787807814422e-16
1.5693346239698222e-07,9.0697739662119e-08,1.3006410149854554e-08,1.3877787807814422e-16
1.5694169311791464e-07,9.069696281140025e-08,1.3006411329466494e-08,1.3877787807814422e-16
1.5694991368030877e-07,9.069618576639242e-08,1.3006412772756396e-08,1.3877787807814422e-16
1.5695812175269694e-07,9.069540804137309e-08,1.300641101027738e-08,1.3877787807814422e-16
1.569663186395908e-07,9.069463116289873e-08,1.3006410538432606e-08,1.3877787807814422e-16
1.56974504563035e-07,9.0693853784824e-08,1.3006411426610994e-08,1.3877787807814422e-16
1.569826791205738e-07,9.069307647613825e-08,1.3006410108221185e-08,1.3877787807814422e-16
1.5699084322814077e-07,9.069229883438566e-08,1.3006410968644024e-08,1.3877787807814422e-16
1.5699899569224667e-07,9.069152087344397e-08,1.3006411135177471e-08,1.3877787807814422e-16
1.570071374427029e-07,9.069074348149156e-08,1.3006410344143578e-08,1.3877787807814422e-16
1.5701526761908706e-07,9.068996536789421e-08,1.3006410455165875e-08,1.3877787807814422e-16
1.5702338611037645e-07,9.068918740695253e-08,1.3006409955565528e-08,1.3877787807814422e-16
1.5489438675996628e-07,9.068840918233292e-08,1.3006410413532512e-08,1.3877787807814422e-16
1.548956777429762e-07,9.068763068015759e-08,1.3006410024954462e-08,1.3877787807814422e-16
1.5489695190611053e-07,9.068685224737117e-08,1.3006411162933047e-08,1.3877787807814422e-16
1.5489821892218672e-07,9.068607387009597e-08,1.3006411731922332e-08,1.3877787807814422e-16
1.5489948364843027e-07,9.068529534016505e-08,1.3006409969443319e-08,1.3877787807814422e-16
1.5490074317050597e-07,9.068451632451166e-08,1.3006411121299675e-08,1.3877787807814422e-16
1.5490201154660966e-07,9.068373753090279e-08,1.3006410316388007e-08,1.3877787807814422e-16
